ID de respuesta,Medición,Estado de respuesta,¿Cuál es su rol dentro del proyecto? (seleccione el más cercano).,¿Qué tan probable es que recomiende los productos y servicios de ScaffCo a un colega o amigo?,¿Cuál es la principal razón para la nota anterior?,Para cada uno de los siguientes aspectos de la atención comercial ¿Cuál diría usted que es su nivel de satisfacción con cada uno de ellos? Siendo 1 muy insatisfecho y 7 muy satisfecho.[Amabilidad en la atención comercial],Para cada uno de los siguientes aspectos de la atención comercial ¿Cuál diría usted que es su nivel de satisfacción con cada uno de ellos? Siendo 1 muy insatisfecho y 7 muy satisfecho.[Efectividad en la atención comercial],Para cada uno de los siguientes aspectos de la atención comercial ¿Cuál diría usted que es su nivel de satisfacción con cada uno de ellos? Siendo 1 muy insatisfecho y 7 muy satisfecho.[Tiempo de respuesta en las cotizaciones solicitadas],Para cada uno de los siguientes aspectos de la atención comercial ¿Cuál diría usted que es su nivel de satisfacción con cada uno de ellos? Siendo 1 muy insatisfecho y 7 muy satisfecho.[Claridad de la información en cotizaciones],Para cada uno de los siguientes aspectos de la atención comercial ¿Cuál diría usted que es su nivel de satisfacción con cada uno de ellos? Siendo 1 muy insatisfecho y 7 muy satisfecho.[Claridad de la información en planos],"Para cada uno de los siguientes aspectos de la atención comercial ¿Cuál diría usted que es su nivel de satisfacción con cada uno de ellos? Siendo 1 muy insatisfecho y 7 muy satisfecho.[Calidad del despacho de los equipos (ausencia de errores de envío, estado del material)]",Para cada uno de los siguientes aspectos de la atención comercial ¿Cuál diría usted que es su nivel de satisfacción con cada uno de ellos? Siendo 1 muy insatisfecho y 7 muy satisfecho.[Facilidad para coordinar y realizar devolución de equipos en arriendo],Para cada uno de los siguientes aspectos de la atención comercial ¿Cuál diría usted que es su nivel de satisfacción con cada uno de ellos? Siendo 1 muy insatisfecho y 7 muy satisfecho.[Servicios de ScaffCo en general],Para cada uno de los siguientes aspectos de la atención comercial ¿Cuál diría usted que es su nivel de satisfacción con cada uno de ellos? Siendo 1 muy insatisfecho y 7 muy satisfecho.[Productos de ScaffCo en general],"Evalúe los siguientes ítems del Servicio de Asesoría Técnica de ScaffCo, donde 1 es muy insatisfecho y 7 muy satisfecho.[Calidad del servicio de Diseño de Proyectos]","Evalúe los siguientes ítems del Servicio de Asesoría Técnica de ScaffCo, donde 1 es muy insatisfecho y 7 muy satisfecho.[Calidad del servicio de Ingeniería]","Evalúe los siguientes ítems del Servicio de Asesoría Técnica de ScaffCo, donde 1 es muy insatisfecho y 7 muy satisfecho.[Calidad del servicio de Inducción Técnica]","Evalúe los siguientes ítems del Servicio de Asesoría Técnica de ScaffCo, donde 1 es muy insatisfecho y 7 muy satisfecho.[Calidad del servicio de Visita Técnica]","Evalúe los siguientes ítems del Servicio de Asesoría Técnica de ScaffCo, donde 1 es muy insatisfecho y 7 muy satisfecho.[Claridad del Informe de la Visita Técnica]","Evalúe los siguientes ítems del Servicio de Asesoría Técnica de ScaffCo, donde 1 es muy insatisfecho y 7 muy satisfecho.[Amabilidad del Equipo Técnico]",Claridad de la información de los Estados de Pago.,¿Conoce WebScaff? El servicio de Información en línea de su obra de arriendo ScaffCo.,¿Ha usado WebScaff?,Evalúe su satisfacción con WebScaff.,¿Conoce CapScaff? El servicio de Inducción virtual interactiva de armado de andamios ScaffCo.,¿Ha usado CapScaff?,Evalúe su satisfacción con CapScaff.,"De los siguientes atributos de ScaffCo, elija los 3 más importantes para Ud.",¿Qué tan fácil fue resolver sus solicitudes o problemas con ScaffCo?,Indique 3 palabras con las que identifica a la marca ScaffCo.,"Considerando el precio, servicio y productos que recibe de ScaffCo ¿Qué nota le pondría usted a ScaffCo en cuanto a esta relación precio-calidad?","¿Tiene algún comentario o sugerencia para nosotros? Indique cualquier punto que pudiera no estar cubierto en esta encuesta, recuerde que los mismos son anónimos.",¿Le gustaría recibir el newsletter de ScaffCo?,Periodo,¿En cuál de estos sectores presta servicios tu empresa?(Puedes seleccionar más de una opción si corresponde),"¿En qué región del país se encontraba el proyecto para el cual su empresa contrató productos o servicios de ScaffCo?(Si ha trabajado en más de una región, por favor indique la principal)",Para cada uno de los siguientes aspectos de la atención comercial ¿Cuál diría usted que es su nivel de satisfacción con cada uno de ellos? Siendo 1 muy insatisfecho y 7 muy satisfecho.[Evaluación general de la satisfacción con la atención comercial],Para cada uno de los siguientes aspectos ¿Cuál diría usted que es su nivel de satisfacción con cada uno de ellos? Siendo 1 muy insatisfecho y 7 muy satisfecho.[Claridad en la información de planos e informes entregados],Para cada uno de los siguientes aspectos ¿Cuál diría usted que es su nivel de satisfacción con cada uno de ellos? Siendo 1 muy insatisfecho y 7 muy satisfecho.[Manejo de cobros ante productos dañados],Para cada uno de los siguientes aspectos ¿Cuál diría usted que es su nivel de satisfacción con cada uno de ellos? Siendo 1 muy insatisfecho y 7 muy satisfecho.[Coincidencia entre el producto solicitado y el producto recibido],Para cada uno de los siguientes aspectos ¿Cuál diría usted que es su nivel de satisfacción con cada uno de ellos? Siendo 1 muy insatisfecho y 7 muy satisfecho.[Facilidad para coordinar y realizar devolución de equipos en arriendo],Para cada uno de los siguientes aspectos ¿Cuál diría usted que es su nivel de satisfacción con cada uno de ellos? Siendo 1 muy insatisfecho y 7 muy satisfecho.[Evaluación general de los procesos operacionales],Para cada uno de los siguientes aspectos ¿Cuál diría usted que es su nivel de satisfacción con cada uno de ellos? Siendo 1 muy insatisfecho y 7 muy satisfecho.[Seguridad de sus andamios],Para cada uno de los siguientes aspectos ¿Cuál diría usted que es su nivel de satisfacción con cada uno de ellos? Siendo 1 muy insatisfecho y 7 muy satisfecho.[Disponibilidad de productos y accesorios],Para cada uno de los siguientes aspectos ¿Cuál diría usted que es su nivel de satisfacción con cada uno de ellos? Siendo 1 muy insatisfecho y 7 muy satisfecho.[Coincidencia entre el producto solicitado y el producto recibido].1,Para cada uno de los siguientes aspectos ¿Cuál diría usted que es su nivel de satisfacción con cada uno de ellos? Siendo 1 muy insatisfecho y 7 muy satisfecho.[Efectividad del control de calidad aplicado antes del despacho del material],"Para cada uno de los siguientes aspectos ¿Cuál diría usted que es su nivel de satisfacción con cada uno de ellos? Siendo 1 muy insatisfecho y 7 muy satisfecho.[Calidad del despacho de los equipos (ausencia de errores de envío, estado del material)]",Para cada uno de los siguientes aspectos ¿Cuál diría usted que es su nivel de satisfacción con cada uno de ellos? Siendo 1 muy insatisfecho y 7 muy satisfecho.[Facilidad para coordinar y realizar devolución de equipos en arriendo].1,Considerando productos y servicios en general ¿Cuál diría usted que es su nivel de satisfacción con cada uno de ellos? Siendo 1 muy insatisfecho y 7 muy satisfecho.[Servicios de ScaffCo en general],Considerando productos y servicios en general ¿Cuál diría usted que es su nivel de satisfacción con cada uno de ellos? Siendo 1 muy insatisfecho y 7 muy satisfecho.[Productos de ScaffCo en general],Evalúe la claridad de la información de los Estados de Pago.,¿Cuál es su rol dentro del proyecto? (Seleccione el que más se aproxime),¿En cuál de estos sectores presta servicios su empresa?(Puede seleccionar más de una opción si corresponde),"Seleccione cuando fue su última interacción con el equipo ScaffCo (Entiéndase por interacción cualquier tipo de comunicación ya sea escrita, telefónica o presencial, o cotización, servicios prestados, o cualquier otro tipo de contacto con la empresa) ",Para cada uno de los siguientes aspectos de la atención comercial ¿Cuál diría usted que es su nivel de satisfacción con cada uno de ellos? Siendo 1 muy insatisfecho y 7 muy satisfecho[Amabilidad en la atención comercial],Para cada uno de los siguientes aspectos de la atención comercial ¿Cuál diría usted que es su nivel de satisfacción con cada uno de ellos? Siendo 1 muy insatisfecho y 7 muy satisfecho[Efectividad en la atención comercial],Para cada uno de los siguientes aspectos de la atención comercial ¿Cuál diría usted que es su nivel de satisfacción con cada uno de ellos? Siendo 1 muy insatisfecho y 7 muy satisfecho[Tiempo de respuesta en las cotizaciones solicitadas],Para cada uno de los siguientes aspectos de la atención comercial ¿Cuál diría usted que es su nivel de satisfacción con cada uno de ellos? Siendo 1 muy insatisfecho y 7 muy satisfecho[Claridad de la información en cotizaciones],Para cada uno de los siguientes aspectos de la atención comercial ¿Cuál diría usted que es su nivel de satisfacción con cada uno de ellos? Siendo 1 muy insatisfecho y 7 muy satisfecho[Claridad en la información de planos e informes entregados],Para cada uno de los siguientes aspectos de la atención comercial ¿Cuál diría usted que es su nivel de satisfacción con cada uno de ellos? Siendo 1 muy insatisfecho y 7 muy satisfecho[Claridad en la información de los estados de pago],Para cada uno de los siguientes aspectos de la atención comercial ¿Cuál diría usted que es su nivel de satisfacción con cada uno de ellos? Siendo 1 muy insatisfecho y 7 muy satisfecho[Satisfacción con la atención comercial en general],Para cada uno de los siguientes aspectos ¿Cuál diría usted que es su nivel de satisfacción con cada uno de ellos? Siendo 1 muy insatisfecho y 7 muy satisfecho[Calidad de productos entregados],Para cada uno de los siguientes aspectos ¿Cuál diría usted que es su nivel de satisfacción con cada uno de ellos? Siendo 1 muy insatisfecho y 7 muy satisfecho[Disponibilidad de productos y accesorios],Para cada uno de los siguientes aspectos ¿Cuál diría usted que es su nivel de satisfacción con cada uno de ellos? Siendo 1 muy insatisfecho y 7 muy satisfecho[Coincidencia entre el producto solicitado y el producto recibido],"Para cada uno de los siguientes aspectos ¿Cuál diría usted que es su nivel de satisfacción con cada uno de ellos? Siendo 1 muy insatisfecho y 7 muy satisfecho[Calidad del despacho de los equipos (ausencia de errores de envío, estado del material)]",Para cada uno de los siguientes aspectos ¿Cuál diría usted que es su nivel de satisfacción con cada uno de ellos? Siendo 1 muy insatisfecho y 7 muy satisfecho[Facilidad para coordinar y realizar devolución de equipos en arriendo],"Para cada uno de los siguientes aspectos ¿Cuál diría usted que es su nivel de satisfacción con cada uno de ellos? Siendo 1 muy insatisfecho y 7 muy satisfecho[Envío, presentación y claridad de informes de material dañado]","Considerando todos los aspectos antes mencionados, ¿Cuál diría usted que es su nivel de satisfacción con los servicios logísticos en general?","Evalúe los siguientes ítems del Servicio de Asesoría Técnica de ScaffCo, donde 1 es muy insatisfecho y 7 muy satisfecho[Calidad del servicio de Diseño de Proyectos]","Evalúe los siguientes ítems del Servicio de Asesoría Técnica de ScaffCo, donde 1 es muy insatisfecho y 7 muy satisfecho[Calidad del servicio de Ingeniería]","Evalúe los siguientes ítems del Servicio de Asesoría Técnica de ScaffCo, donde 1 es muy insatisfecho y 7 muy satisfecho[Calidad del servicio de Inducción Técnica]","Evalúe los siguientes ítems del Servicio de Asesoría Técnica de ScaffCo, donde 1 es muy insatisfecho y 7 muy satisfecho[Calidad del servicio de Visita Técnica]","Evalúe los siguientes ítems del Servicio de Asesoría Técnica de ScaffCo, donde 1 es muy insatisfecho y 7 muy satisfecho[Claridad del Informe de la Visita Técnica]","Evalúe los siguientes ítems del Servicio de Asesoría Técnica de ScaffCo, donde 1 es muy insatisfecho y 7 muy satisfecho[Amabilidad del Equipo Técnico]","Considerando todos los aspectos recién mencionados, ¿Cuál diría usted que es su nivel de satisfacción con los servicios de Asesoría Técnica en general?",¿Conoce WebScaff? (El servicio de información en línea de su obra de arriendo ScaffCo),¿Nos puede comentar por qué no ha usado WebScaff?(Marque todas las que correspondan),Evalúe su satisfacción con WebScaff,¿Qué le gustaría agregar o mejorar en WebScaff?,¿Conoce CapScaff? (El servicio de Inducción virtual interactiva de armado de andamios ScaffCo),Evalúe su satisfacción con CapScaff,¿Nos puede comentar por qué no ha usado CapScaff?(Marque todas las que correspondan),¿Conoce ScanScaff? (El servicio de ScaffCo para realizar levantamientos digitales de estructuras mediante nube de puntos),¿Ha usado ScanScaff?,¿Nos puede comentar por qué no ha usado ScanScaff?,Evalúe su satisfacción con ScanScaff,"¿Conoce XR App? (La aplicación de construcción digital de ScaffCo, basada en realidad aumentada)",¿Ha usado XR App?,Evalúe su satisfacción con XR App,¿Nos puede comentar por qué no ha usado XR App?(Marque todas las que correspondan),Indique 3 palabras con las que identifica a la marca ScaffCo,Considerando productos y servicios en general ¿Cuál diría usted que es su nivel de satisfacción con cada uno de ellos? Siendo 1 muy insatisfecho y 7 muy satisfecho[Servicios de ScaffCo en general],Considerando productos y servicios en general ¿Cuál diría usted que es su nivel de satisfacción con cada uno de ellos? Siendo 1 muy insatisfecho y 7 muy satisfecho[Productos de ScaffCo en general],"¿Tiene algún comentario o sugerencia para nosotros? Indique cualquier punto que pudiera no estar cubierto en esta encuesta, recuerde que los mismos son anónimos",¿Quiere ser contactado para profundizar en sus respuestas?
M1-0026,Medición 1,COMPLETED,Prevencionista de Riesgos,6,"La adquisición de andamios no siempre es la recomendada y los accesorios para adaptar rueda al modelo Blitz siendo que las bases regulables cuentan para esta, el valor asociado es igual o mayor a adquirir a nuevos cuerpos de andamios, lo que nos deja inutilizable los cuerpos anteriores adquiridos sin ruedas.",7,4,5,7,N/A,7,N/A,5,7,N/A,N/A,7,N/A,N/A,7,7,Sí,Sí,5,No,,,"Certificación de Calidad,Seguridad de los Andamios,Servicio técnico (Visitas e Inducciones)",4,Fácil de ensamblar,6,"Los accesorio de adaptabilidad por el crecimiento e implementación de nuevos procesos en empresa, se debería tener un valor distinto asociado en el caso ejemplo de solicitar ruedas para la adaptación del terreno de una organización; asegurando valores específicos y no cercanos a la adquisición de 2 cuerpos de andamios.",Sí,2024-12,,,,,,,,,,,,,,,,,,,,,,,,,,,,,,,,,,,,,,,,,,,,,,,,,,,,,,,,,,,,,
M1-0029,Medición 1,COMPLETED,Administrador de Obra,4,"Despues de varios años trabajando, con el mismo tipo de andamio. en esta etapa del proyecto cambiaron el diseño, y nunca funciono bien. No realizaron visitas en terreno por parte de ScaffCo",6,4,5,5,5,5,4,4,5,4,4,3,3,2,N/A,5,No,,,No,,,"Calidad del Producto,Servicio de Ingeniería,Servicio técnico (Visitas e Inducciones)",3,"Andamios, seguridad, altura",4,"Respetar visitas tecnicas, durante el proyecto. estas No se realizaron.",No,2024-12,,,,,,,,,,,,,,,,,,,,,,,,,,,,,,,,,,,,,,,,,,,,,,,,,,,,,,,,,,,,,
M1-0089,Medición 1,COMPLETED,Otros (especifique) - Socio,7,"Buen producto, gran calidad",7,7,7,7,7,7,7,7,7,7,7,7,7,7,7,N/A,Sí,Sí,N/A,Sí,No,,"Calidad del Producto,Certificación de Calidad,Seguridad de los Andamios",7,Seguridad,7,No,Sí,2024-12,,,,,,,,,,,,,,,,,,,,,,,,,,,,,,,,,,,,,,,,,,,,,,,,,,,,,,,,,,,,,
M1-0031,Medición 1,COMPLETED,Gerente de Proyecto,7,"calidad del producto y seguridad, además el aporte técnico cuando se solicita siempre están dispuesto",7,7,7,7,7,7,7,7,7,7,7,7,7,7,7,7,No,,,No,,,"Calidad del Producto,Certificación de Calidad,Seguridad de los Andamios",7,calidad seguridad y confiabilidad,5,,Sí,2024-12,,,,,,,,,,,,,,,,,,,,,,,,,,,,,,,,,,,,,,,,,,,,,,,,,,,,,,,,,,,,,
M1-0013,Medición 1,COMPLETED,Otros (especifique) - Superintendente Construccion,7,"Todos sus elementos son certificados. Facil Modulacion. De requerir una modulacion especial con memoria de calculo, en tiempos de respuestas razonables.",N/A,N/A,N/A,N/A,7,7,7,7,7,7,7,7,7,7,7,7,No,,,No,,,"Certificación de Calidad,Seguridad de los Andamios,Servicio de Ingeniería",7,"Seguridad, modulacion, calidad",7,,Sí,2024-12,,,,,,,,,,,,,,,,,,,,,,,,,,,,,,,,,,,,,,,,,,,,,,,,,,,,,,,,,,,,,
M1-0061,Medición 1,COMPLETED,Gerente de Proyecto,5,"El estado de los equipos al despacharse los materiales no es del todo preciso. Al recibir cometimos el error de no revisar en detalle el estado.  Por un segundo error pedimos equipo de más. Al hacer la primera devolución, devolvimos equipo que no usamos, que ni siquiera sacamos los zunchos y este equipo tuvo observaciones.  Para la recepción de los equipos, tambien estuvimos inconformes con la revisión pues el equipo que recibimos no estaba nuevo, era de al menos un segundo uso, sin embargo, el estándar con el que nos recibieron fue como si el equipo hubiera sido alquilado en perfecto estado y nos lo entregaron en un estado funcional, más no estéticamente perfecto. Los abollamientos encontrados son cuestionables y debido a la experiencia del primer párrafo, totalmente dudoso de que los equipos hayan llegado ya así.",7,7,7,6,7,2,5,6,5,7,7,7,7,7,7,6,Sí,No,,No,,,"Certificación de Calidad,Seguridad de los Andamios,Servicio técnico (Visitas e Inducciones)",6,"Versatílidad, seguridad y desafíos cumplidos. (asociados a los equipos si, para nada referente a los despachos y recepciones)",5,"Decepcionado de los despachos y las recepciones. Comprobado que se miden con diferente estándar. Un equipo que pedimos por error y que ni siquiera abrimos en campo, fue encontrado con observaciones cuando lo devolvimos. De ahi en adelante, dudamos de todo el proceso de revisión de ScaffCo.",No,2024-12,,,,,,,,,,,,,,,,,,,,,,,,,,,,,,,,,,,,,,,,,,,,,,,,,,,,,,,,,,,,,
M1-0108,Medición 1,COMPLETED,Prevencionista de Riesgos,7,,7,7,6,7,N/A,N/A,N/A,7,N/A,N/A,N/A,N/A,N/A,N/A,N/A,N/A,No,,,Sí,Sí,5,"Calidad del Producto,Certificación de Calidad,Servicio técnico (Visitas e Inducciones)",6,Agilidad - Amabilidad - Claridad,N/A,,No,2024-12,,,,,,,,,,,,,,,,,,,,,,,,,,,,,,,,,,,,,,,,,,,,,,,,,,,,,,,,,,,,,
M1-0114,Medición 1,PARTIAL,Oficina Técnica,6,,5,5,5,5,5,5,5,5,5,5,5,5,5,5,5,5,No,,,No,,,"Calidad del Producto,Certificación de Calidad,Seguridad de los Andamios",,,,,,2024-12,,,,,,,,,,,,,,,,,,,,,,,,,,,,,,,,,,,,,,,,,,,,,,,,,,,,,,,,,,,,,
M1-0112,Medición 1,COMPLETED,Prevencionista de Riesgos,6,El producto cumplió con lo necesario.,N/A,N/A,N/A,N/A,7,N/A,N/A,N/A,N/A,6,N/A,6,6,6,6,N/A,No,,,No,,,"Calidad del Producto,Certificación de Calidad,Seguridad de los Andamios",N/A,Andamios  seguridad  confianza,N/A,ninguno,No,2024-12,,,,,,,,,,,,,,,,,,,,,,,,,,,,,,,,,,,,,,,,,,,,,,,,,,,,,,,,,,,,,
M1-0039,Medición 1,COMPLETED,Otros (especifique) - Empresa relacionada,7,"Calidad, eficiencia y peso",7,6,5,7,N/A,7,7,6,7,N/A,N/A,N/A,N/A,N/A,N/A,7,Sí,Sí,7,Sí,Sí,7,"Fabricación Alemana,Calidad del Producto,Seguridad de los Andamios",7,Calidad Seguridad Disponibilidad,7,,Sí,2024-12,,,,,,,,,,,,,,,,,,,,,,,,,,,,,,,,,,,,,,,,,,,,,,,,,,,,,,,,,,,,,
M1-0079,Medición 1,COMPLETED,Administrador de Obra,7,Material de andamios confiable y facil de armar,7,7,7,7,7,7,7,7,7,7,7,7,7,7,7,N/A,Sí,Sí,5,Sí,No,,"Cobertura y Stock Disponible,Capacidad Técnica para Desafíos Complejos,Servicio técnico (Visitas e Inducciones)",7,"Calidad, certificación, reducción tiempos",5,,No,2024-12,,,,,,,,,,,,,,,,,,,,,,,,,,,,,,,,,,,,,,,,,,,,,,,,,,,,,,,,,,,,,
M1-0001,Medición 1,COMPLETED,Otros (especifique) - Adquisiciones,2,"sucursal Antofagasta, muchos peros y la devolución de los mismos andamios una vez terminado el ejercicio súper demorosa. parece Fonasa pedir hora",5,5,5,5,5,4,4,5,6,6,6,6,6,5,6,5,No,,,No,,,"Calidad del Producto,Certificación de Calidad,Seguridad de los Andamios",4,casi pero quizas,6,"re-educar a la Sra. sara Rodriguez de ScaffCo Antofagasta, que la empresa no es suya y que debe ser mas cordial con los clientes de ScaffCo, el consultar no debe ser molestia, solo estamos trabajando y debemos cumplir lo ordenado, que hay familias detrás de todos los que componemos la cadena de abastecimiento, por eso no la mando a la cresta. gracias y sigan creciendo para mejor.",No,2024-12,,,,,,,,,,,,,,,,,,,,,,,,,,,,,,,,,,,,,,,,,,,,,,,,,,,,,,,,,,,,,
M1-0054,Medición 1,COMPLETED,Jefe de Bodega,7,LA CALIDAD DE LOS ANDAMIOS Y LA ASCESORIA DE PRINCIPIO A FIN DEL CONTRATO,7,7,7,7,7,7,6,7,7,7,7,7,7,7,7,7,Sí,Sí,7,Sí,Sí,7,"Calidad del Producto,Cobertura y Stock Disponible,Servicio técnico (Visitas e Inducciones)",7,"CALIDAD, SEGURIDAD Y COMPROMISO",6,,No,2024-12,,,,,,,,,,,,,,,,,,,,,,,,,,,,,,,,,,,,,,,,,,,,,,,,,,,,,,,,,,,,,
M1-0073,Medición 1,COMPLETED,Jefe de Terreno,6,"El servicio de apoyo en la toma de accion, en requerimientos de mayor complejidad, el stock disponible y la cercania de los puntos de bodegaje.",6,6,6,6,7,6,6,6,6,6,7,6,6,6,6,6,No,,,No,,,"Cobertura y Stock Disponible,Capacidad Técnica para Desafíos Complejos,Servicio de Ingeniería",6,Planificacion Stock Asistencia,6,,Sí,2024-12,,,,,,,,,,,,,,,,,,,,,,,,,,,,,,,,,,,,,,,,,,,,,,,,,,,,,,,,,,,,,
M1-0057,Medición 1,PARTIAL,Supervisor de Andamios,,,,,,,,,,,,,,,,,,,,,,,,,,,,,,,2024-12,,,,,,,,,,,,,,,,,,,,,,,,,,,,,,,,,,,,,,,,,,,,,,,,,,,,,,,,,,,,,
M1-0048,Medición 1,COMPLETED,Otros (especifique) - Adquisiciones,7,Atención profesional de su personal,7,7,7,7,7,7,7,7,7,7,7,7,7,7,7,7,Sí,Sí,7,No,,,"Calidad del Producto,Cobertura y Stock Disponible,Capacidad Técnica para Desafíos Complejos",7,"CALIDAD, SERVICIO Y PROFESIONALIDAD",7,NO,Sí,2024-12,,,,,,,,,,,,,,,,,,,,,,,,,,,,,,,,,,,,,,,,,,,,,,,,,,,,,,,,,,,,,
M1-0116,Medición 1,COMPLETED,Administrador de Obra,5,CALIDAD DEL PRODUCTO Y SERVICIO. NO CALIFICO CON MEJOR NOTÁ POR ALTO PRECIO.,7,6,5,5,6,5,4,5,5,6,5,5,6,6,6,3,No,,,No,,,"Calidad del Producto,Seguridad de los Andamios,Servicio técnico (Visitas e Inducciones)",6,"SEGURIDAD, INGENIERÍA, COSTOSO.",4,NO,No,2024-12,,,,,,,,,,,,,,,,,,,,,,,,,,,,,,,,,,,,,,,,,,,,,,,,,,,,,,,,,,,,,
M1-0049,Medición 1,COMPLETED,Otros (especifique) - Planificadora,7,"Calidad, profesionales dispuestos a responder cualquier tipo de consulta y apoyo en capacitaciones.",7,7,7,7,7,7,7,7,7,7,7,7,7,7,7,7,No,,,No,,,"Seguridad de los Andamios,Capacidad Técnica para Desafíos Complejos,Servicio técnico (Visitas e Inducciones)",7,Calidad Compromiso Resolutivo,7,,Sí,2024-12,,,,,,,,,,,,,,,,,,,,,,,,,,,,,,,,,,,,,,,,,,,,,,,,,,,,,,,,,,,,,
M1-0091,Medición 1,COMPLETED,Gerente de Proyecto,7,BUEN SERVICIO Y DISPONIBILIDAD,7,7,7,7,7,7,7,7,7,7,7,7,7,7,7,7,No,,,No,,,"Marca Reconocida en el Mercado,Capacidad Técnica para Desafíos Complejos,Servicio de Ingeniería",7,"DISPONIBILIDAD, CALIDAD, SEGURIDAD",6,,Sí,2024-12,,,,,,,,,,,,,,,,,,,,,,,,,,,,,,,,,,,,,,,,,,,,,,,,,,,,,,,,,,,,,
M1-0050,Medición 1,PARTIAL,Jefe de Terreno,,,,,,,,,,,,,,,,,,,,,,,,,,,,,,,2024-12,,,,,,,,,,,,,,,,,,,,,,,,,,,,,,,,,,,,,,,,,,,,,,,,,,,,,,,,,,,,,
M1-0088,Medición 1,COMPLETED,Administrador de Obra,7,calidad y servicio,7,7,7,5,7,6,6,7,7,7,7,7,7,7,7,6,No,,,No,,,"Seguridad de los Andamios,Capacidad Técnica para Desafíos Complejos,Servicio de Ingeniería",7,"Calidad, seguridad, servicio",6,"En general el dolor son las devoluciones y los cobros de cierre, que se realizan por materiales con ´Daños´, cuando muchas veces hay piezas muy deterioradas o con algunos daños de origen.",No,2024-12,,,,,,,,,,,,,,,,,,,,,,,,,,,,,,,,,,,,,,,,,,,,,,,,,,,,,,,,,,,,,
M1-0102,Medición 1,COMPLETED,Otros (especifique) - Supervisor de operaciones,7,La calidad del producto,6,5,2,3,7,3,N/A,4,6,3,5,3,1,1,5,N/A,Sí,No,,Sí,No,,"Marca Reconocida en el Mercado,Calidad del Producto,Servicio de Ingeniería",4,Calidad Alemana (marca) Variedad de productos,6,"Mayor énfasis con las pequeñas empresas, no porque arrienden pocos dejan de ser menor.",Sí,2024-12,,,,,,,,,,,,,,,,,,,,,,,,,,,,,,,,,,,,,,,,,,,,,,,,,,,,,,,,,,,,,
M1-0115,Medición 1,COMPLETED,Supervisor de Andamios,7,"Productos de primer nivel, con soluciones reales para apoyar el desarrollo de los trabajos en   las diferentes faenas.",7,7,7,7,7,7,7,7,7,7,7,7,7,7,7,N/A,No,,,Sí,No,,"Marca Reconocida en el Mercado,Calidad del Producto,Seguridad de los Andamios",7,"Calidad, versatilidad y seguridad",7,Por ahora no.,Sí,2024-12,,,,,,,,,,,,,,,,,,,,,,,,,,,,,,,,,,,,,,,,,,,,,,,,,,,,,,,,,,,,,
M1-0052,Medición 1,PARTIAL,Jefe de Bodega,7,Su calidad y profesionalismo del equipo,7,6,6,6,N/A,7,7,7,7,,,,,,,,,,,,,,,,,,,,2024-12,,,,,,,,,,,,,,,,,,,,,,,,,,,,,,,,,,,,,,,,,,,,,,,,,,,,,,,,,,,,,
M1-0055,Medición 1,COMPLETED,Gerente de Proyecto,7,Buen servicio y respuesta del ejecutivo en la pos Venta o Arriendo,7,6,7,6,7,7,6,7,7,7,7,6,6,5,6,6,Sí,Sí,7,No,,,"Calidad del Producto,Seguridad de los Andamios,Cobertura y Stock Disponible",6,Calidad  Servicio  Pos Venta,7,,Sí,2024-12,,,,,,,,,,,,,,,,,,,,,,,,,,,,,,,,,,,,,,,,,,,,,,,,,,,,,,,,,,,,,
M1-0128,Medición 1,COMPLETED,Gerente de Proyecto,7,,7,7,6,7,7,6,6,7,7,7,7,7,7,7,7,6,No,,,No,,,"Marca Reconocida en el Mercado,Calidad del Producto,Capacidad Técnica para Desafíos Complejos",7,calidad profesionalismo reconocimmiento,6,no,Sí,2024-11,,,,,,,,,,,,,,,,,,,,,,,,,,,,,,,,,,,,,,,,,,,,,,,,,,,,,,,,,,,,,
M1-0005,Medición 1,COMPLETED,Prevencionista de Riesgos,6,"practico ,cómodo, seguro .variadas piezas para cubrir vanos.",N/A,N/A,N/A,N/A,6,N/A,6,6,6,6,6,N/A,N/A,N/A,6,N/A,No,,,No,,,"Certificación de Calidad,Seguridad de los Andamios,Servicio de Ingeniería",N/A,"seguridad, prestigio, resolución",N/A,porque no capacitan a los prevencionistas también?,Sí,2024-12,,,,,,,,,,,,,,,,,,,,,,,,,,,,,,,,,,,,,,,,,,,,,,,,,,,,,,,,,,,,,
M1-0067,Medición 1,COMPLETED,Administrador de Obra,7,Productos de alta confiabilidad con estándares internacionales,7,7,7,7,7,7,7,7,7,7,7,7,7,7,7,7,No,,,No,,,"Marca Reconocida en el Mercado,Certificación de Calidad,Cobertura y Stock Disponible",7,"Confiabilidad, Estándar, Alcance",7,,Sí,2024-12,,,,,,,,,,,,,,,,,,,,,,,,,,,,,,,,,,,,,,,,,,,,,,,,,,,,,,,,,,,,,
M1-0086,Medición 1,COMPLETED,Otros (especifique) - Capataz andamios,7,No deja nada al azar y muy seguro,7,N/A,N/A,N/A,7,N/A,7,7,7,7,7,7,7,7,7,N/A,No,,,Sí,Sí,7,"Marca Reconocida en el Mercado,Seguridad de los Andamios,Servicio técnico (Visitas e Inducciones)",7,Seguro  Eficiente  Rapido,N/A,Debieran volver los manuales de bolsillo  ( el libro ) es mucho más práctico xq en muchas faenas y obras está prohibido el uso del celular . Mejora el aprendizaje y la lectura.,Sí,2024-12,,,,,,,,,,,,,,,,,,,,,,,,,,,,,,,,,,,,,,,,,,,,,,,,,,,,,,,,,,,,,
M1-0084,Medición 1,PARTIAL,Supervisor de Andamios,6,Un sistema conocido,N/A,N/A,N/A,N/A,N/A,N/A,N/A,N/A,N/A,,,,,,,,,,,,,,,,,,,,2024-12,,,,,,,,,,,,,,,,,,,,,,,,,,,,,,,,,,,,,,,,,,,,,,,,,,,,,,,,,,,,,
M1-0051,Medición 1,COMPLETED,Otros (especifique) - Coordinador de Prevención de riesgos,7,"Son bien organizados, nos apoyan bastante en las visitas a obra, buena disponibilidad cuando se necesitan capacitaciones teorico practico en las obras.",7,6,7,7,7,6,6,6,6,6,6,6,6,5,6,6,No,,,No,,,"Marca Reconocida en el Mercado,Certificación de Calidad,Servicio técnico (Visitas e Inducciones)",6,"Credibilidad, confianza y responsabilidad por el cliente.",6,"Mejorar los informes de las visitas a las obras, que siempre sea enfocado en el negocio, de solicitar mas insumos si no que se optimice mas los recursos en terreno.",Sí,2024-12,,,,,,,,,,,,,,,,,,,,,,,,,,,,,,,,,,,,,,,,,,,,,,,,,,,,,,,,,,,,,
M1-0002,Medición 1,PARTIAL,Otros (especifique) - ENCARGADA RRLL,,,,,,,,,,,,,,,,,,,,,,,,,,,,,,,2024-12,,,,,,,,,,,,,,,,,,,,,,,,,,,,,,,,,,,,,,,,,,,,,,,,,,,,,,,,,,,,,
M1-0053,Medición 1,COMPLETED,Otros (especifique) - Maestro mayor,7,Muy eficaz al realizar trabajos en altura,7,7,7,7,7,5,5,7,7,7,7,7,7,7,7,7,No,,,No,,,"Calidad del Producto,Certificación de Calidad,Seguridad de los Andamios",7,Calidad,7,Tratar de generar más piezas en stock,Sí,2024-12,,,,,,,,,,,,,,,,,,,,,,,,,,,,,,,,,,,,,,,,,,,,,,,,,,,,,,,,,,,,,
M1-0071,Medición 1,COMPLETED,Otros (especifique) - Maestro obras civiles,6,,6,6,6,5,6,6,5,5,6,7,6,6,6,6,5,6,Sí,Sí,6,Sí,Sí,6,"Marca Reconocida en el Mercado,Fabricación Alemana,Certificación de Calidad",6,Andamio,6,,Sí,2024-12,,,,,,,,,,,,,,,,,,,,,,,,,,,,,,,,,,,,,,,,,,,,,,,,,,,,,,,,,,,,,
M1-0064,Medición 1,COMPLETED,Jefe de Terreno,6,"No tienen todas las soluciones , para algunos espacios que he solicitado",6,7,6,7,6,7,6,6,6,7,7,7,7,7,7,6,Sí,Sí,5,No,,,"Marca Reconocida en el Mercado,Certificación de Calidad,Servicio técnico (Visitas e Inducciones)",6,"confianza, seguridad, reconocimiento",6,,Sí,2024-12,,,,,,,,,,,,,,,,,,,,,,,,,,,,,,,,,,,,,,,,,,,,,,,,,,,,,,,,,,,,,
M1-0045,Medición 1,COMPLETED,Administrador de Obra,7,"Los plazos de entrega, el stock existente y el apoyo técnico",6,7,7,5,7,7,5,7,7,7,7,7,7,7,7,5,Sí,Sí,5,No,,,"Seguridad de los Andamios,Cobertura y Stock Disponible,Servicio técnico (Visitas e Inducciones)",7,"Calidad, Plazo; Técnica",6,,No,2024-12,,,,,,,,,,,,,,,,,,,,,,,,,,,,,,,,,,,,,,,,,,,,,,,,,,,,,,,,,,,,,
M1-0103,Medición 1,COMPLETED,Jefe de Bodega,7,"Buen producto de fácil instalación, con asesorías permanentes y capacitaciones",7,7,7,7,7,7,6,6,6,6,6,5,5,6,6,6,Sí,Sí,5,No,,,"Certificación de Calidad,Servicio de Ingeniería,Servicio técnico (Visitas e Inducciones)",6,"bueno , calidad, precio",6,Buen servicio,Sí,2024-12,,,,,,,,,,,,,,,,,,,,,,,,,,,,,,,,,,,,,,,,,,,,,,,,,,,,,,,,,,,,,
M1-0119,Medición 1,PARTIAL,Administrador de Obra,5,Falta de comunicación durante el servicio,7,6,6,6,6,7,N/A,6,6,,,,,,,,,,,,,,,,,,,,2024-12,,,,,,,,,,,,,,,,,,,,,,,,,,,,,,,,,,,,,,,,,,,,,,,,,,,,,,,,,,,,,
M1-0012,Medición 1,PARTIAL,Administrador de Obra,7,Calidad del producto y por exigencia de los proyectos,,,,,,,,,,,,,,,,,,,,,,,,,,,,,2024-12,,,,,,,,,,,,,,,,,,,,,,,,,,,,,,,,,,,,,,,,,,,,,,,,,,,,,,,,,,,,,
M1-0047,Medición 1,COMPLETED,Otros (especifique) - Jefe de Personal,7,Excelente gestión de cursos y soporte,7,7,7,7,7,7,7,7,7,7,7,7,7,7,7,7,Sí,Sí,7,Sí,Sí,7,"Calidad del Producto,Certificación de Calidad,Servicio técnico (Visitas e Inducciones)",7,Confiable Seguro Sopote,7,,Sí,2024-12,,,,,,,,,,,,,,,,,,,,,,,,,,,,,,,,,,,,,,,,,,,,,,,,,,,,,,,,,,,,,
M1-0074,Medición 1,COMPLETED,Otros (especifique) - Capataz de andamio,7,Es el andamio mas recinocido a nivel mundial por sus diversos tipos,7,7,7,7,7,7,7,7,7,7,7,7,7,7,7,7,Sí,Sí,7,Sí,Sí,7,"Calidad del Producto,Seguridad de los Andamios,Capacidad Técnica para Desafíos Complejos",7,"Seguridad , calidad ,factibilidad",7,,Sí,2024-12,,,,,,,,,,,,,,,,,,,,,,,,,,,,,,,,,,,,,,,,,,,,,,,,,,,,,,,,,,,,,
M1-0092,Medición 1,COMPLETED,Otros (especifique) - director,6,precio,7,6,5,6,7,6,7,7,7,7,7,7,7,7,7,7,Sí,No,,No,,,"Calidad del Producto,Certificación de Calidad,Seguridad de los Andamios",6,"calidad, eficiencia y seguridad",6,Los productos están muy altos en su valor para competir en el mercado...,No,2024-12,,,,,,,,,,,,,,,,,,,,,,,,,,,,,,,,,,,,,,,,,,,,,,,,,,,,,,,,,,,,,
M1-0060,Medición 1,COMPLETED,Gerente de Proyecto,7,el servicio y la claridad de la informacion,7,6,6,6,7,7,5,7,7,6,6,6,6,6,7,6,Sí,Sí,7,Sí,Sí,7,"Marca Reconocida en el Mercado,Certificación de Calidad,Seguridad de los Andamios",6,seriedad confianza responsabilidad,5,,No,2024-12,,,,,,,,,,,,,,,,,,,,,,,,,,,,,,,,,,,,,,,,,,,,,,,,,,,,,,,,,,,,,
M1-0130,Medición 1,COMPLETED,Jefe de Bodega,7,"buena atención de nuestro ejecutivo, calidad de los productos",7,7,7,7,N/A,7,7,7,7,7,7,7,7,7,7,7,Sí,Sí,7,No,,,"Calidad del Producto,Seguridad de los Andamios,Cobertura y Stock Disponible",7,Compromiso Disponibilidad Calidad,7,,No,2024-11,,,,,,,,,,,,,,,,,,,,,,,,,,,,,,,,,,,,,,,,,,,,,,,,,,,,,,,,,,,,,
M1-0034,Medición 1,COMPLETED,Administrador de Obra,7,son prácticos y dan seguridad,6,6,6,6,6,6,5,6,6,6,6,7,6,6,6,5,Sí,Sí,6,No,,,"Calidad del Producto,Seguridad de los Andamios,Servicio técnico (Visitas e Inducciones)",5,"calidad, seguridad, dinamico",5,realizar más capacitaciones mensuales y no perder ese contacto,No,2024-12,,,,,,,,,,,,,,,,,,,,,,,,,,,,,,,,,,,,,,,,,,,,,,,,,,,,,,,,,,,,,
M1-0009,Medición 1,PARTIAL,Oficina Técnica,5,respuestas en entregas de productos,6,6,5,5,6,6,4,5,6,,,,,,,,,,,,,,,,,,,,2024-12,,,,,,,,,,,,,,,,,,,,,,,,,,,,,,,,,,,,,,,,,,,,,,,,,,,,,,,,,,,,,
M1-0021,Medición 1,PARTIAL,Jefe de Terreno,7,Los andamios son rápidos para armar livianos y seguro,7,7,7,5,7,6,6,6,6,,,,,,,,,,,,,,,,,,,,2024-12,,,,,,,,,,,,,,,,,,,,,,,,,,,,,,,,,,,,,,,,,,,,,,,,,,,,,,,,,,,,,
M1-0014,Medición 1,COMPLETED,Jefe de Bodega,6,Son equipos de primera calidad y seguridad para los trabajadores,7,7,6,6,6,6,6,6,6,6,6,6,7,7,7,6,Sí,Sí,7,No,,,"Marca Reconocida en el Mercado,Cobertura y Stock Disponible,Capacidad Técnica para Desafíos Complejos",6,Seguridad Rapidez exigencia,6,Comento : Mejorar la conectividad a sus dependencia tales como los accesos de caminos  como por ejemplo ( la avda. volcán lascar Coronel ),Sí,2024-12,,,,,,,,,,,,,,,,,,,,,,,,,,,,,,,,,,,,,,,,,,,,,,,,,,,,,,,,,,,,,
M1-0043,Medición 1,COMPLETED,Jefe de Terreno,6,La Calidad y el Servicio,6,6,5,6,6,6,4,6,6,6,6,6,6,6,6,6,Sí,No,,No,,,"Calidad del Producto,Cobertura y Stock Disponible,Servicio técnico (Visitas e Inducciones)",6,Calidad Stock Asesoría,5,,Sí,2024-12,,,,,,,,,,,,,,,,,,,,,,,,,,,,,,,,,,,,,,,,,,,,,,,,,,,,,,,,,,,,,
M1-0081,Medición 1,COMPLETED,Otros (especifique) - Jefe de operaciones,7,Calidad en el servicio y asesoría técnica,7,7,7,7,7,5,6,7,7,5,6,5,6,6,7,N/A,Sí,Sí,5,Sí,Sí,5,"Seguridad de los Andamios,Cobertura y Stock Disponible,Capacidad Técnica para Desafíos Complejos",7,"Seguridad, calidad y productividad",6,"Mayor capacitación referente a la utilización de accesorios especiales, cargas admisiones, etc.",Sí,2024-12,,,,,,,,,,,,,,,,,,,,,,,,,,,,,,,,,,,,,,,,,,,,,,,,,,,,,,,,,,,,,
M1-0095,Medición 1,COMPLETED,Prevencionista de Riesgos,6,Preocupados de brindar un buen servicio,7,7,7,7,7,7,7,7,7,7,7,7,7,7,7,N/A,Sí,No,,No,,,"Seguridad de los Andamios,Capacidad Técnica para Desafíos Complejos,Servicio técnico (Visitas e Inducciones)",7,excelencia,7,,No,2024-12,,,,,,,,,,,,,,,,,,,,,,,,,,,,,,,,,,,,,,,,,,,,,,,,,,,,,,,,,,,,,
M1-0080,Medición 1,COMPLETED,Otros (especifique) - Maestro andamiero,7,Es súper importante y seguro trabajar como andamiero y la seguridad para todos aquellos que van a trabajar en altura,7,7,7,7,7,7,7,7,7,7,7,7,7,7,7,7,Sí,Sí,7,No,,,"Marca Reconocida en el Mercado,Seguridad de los Andamios,Capacidad Técnica para Desafíos Complejos",7,"Seguridad, excelente material, y muy buena comodidad de poder armar los andamios",7,Súper excelente trabajar con los productos ScaffCo,Sí,2024-12,,,,,,,,,,,,,,,,,,,,,,,,,,,,,,,,,,,,,,,,,,,,,,,,,,,,,,,,,,,,,
M1-0042,Medición 1,COMPLETED,Supervisor de Andamios,7,"Calidad del material, asesoría técnica, buena experiencia con supervisores técnicos.",5,5,7,7,7,7,7,7,7,7,7,7,7,7,7,7,Sí,Sí,7,No,,,"Calidad del Producto,Seguridad de los Andamios,Cobertura y Stock Disponible",7,"Calidad,seguridad, innovación",7,"Les propondría seguir haciendo inducciones, webinaer técnicos, es una gran instancia  de aclarar dudas y poder realizar soluciones de forma segura.",Sí,2024-12,,,,,,,,,,,,,,,,,,,,,,,,,,,,,,,,,,,,,,,,,,,,,,,,,,,,,,,,,,,,,
M1-0106,Medición 1,PARTIAL,Supervisor de Andamios,,,,,,,,,,,,,,,,,,,,,,,,,,,,,,,2024-12,,,,,,,,,,,,,,,,,,,,,,,,,,,,,,,,,,,,,,,,,,,,,,,,,,,,,,,,,,,,,
M1-0044,Medición 1,COMPLETED,Oficina Técnica,6,,6,6,6,6,6,6,6,6,6,6,6,6,6,6,6,6,Sí,Sí,6,Sí,Sí,6,"Marca Reconocida en el Mercado,Certificación de Calidad,Servicio técnico (Visitas e Inducciones)",6,integral,6,retroalimentación sobre irreparables y reparables previo entrega,No,2024-12,,,,,,,,,,,,,,,,,,,,,,,,,,,,,,,,,,,,,,,,,,,,,,,,,,,,,,,,,,,,,
M1-0033,Medición 1,PARTIAL,Oficina Técnica,,,,,,,,,,,,,,,,,,,,,,,,,,,,,,,2024-12,,,,,,,,,,,,,,,,,,,,,,,,,,,,,,,,,,,,,,,,,,,,,,,,,,,,,,,,,,,,,
M1-0020,Medición 1,COMPLETED,Jefe de Terreno,7,"Por la calidad de materiales, por las certificaciones y por la buena atención.",7,6,6,6,6,6,6,6,7,6,6,6,6,6,7,6,No,,,No,,,"Fabricación Alemana,Calidad del Producto,Certificación de Calidad",6,"calidad, prestigio, solución",6,,No,2024-12,,,,,,,,,,,,,,,,,,,,,,,,,,,,,,,,,,,,,,,,,,,,,,,,,,,,,,,,,,,,,
M1-0111,Medición 1,COMPLETED,Supervisor de Andamios,7,"buenas soluciones contructivas, materia liviano de trasladar,rapides al montar",7,7,6,6,5,4,3,6,6,6,6,7,5,4,7,7,No,,,Sí,Sí,7,"Certificación de Calidad,Seguridad de los Andamios,Capacidad Técnica para Desafíos Complejos",6,"calidad,seguridad,rapides",7,"mas visitas alas obras , obsequios para los trabajadores reconocidos en montaje de andamio ya que nosotros hacemos que ScaffCo pueda brillar como compañía ,los trabajadores necesitan ser reconocidos los trabajos y montajes que hacemos son pura ingeniería de terreno  y la destarada supervisión de los lideres de montaje que los años de experiencia los dan la razón de poder construir con excelencia. pero no son reconocidos yo trabajo desde el 2001 con ScaffCo en chile pero jamás e sido mencionado en sus revistas mis aportes de montaje de andamio han salido asta en los calendarios , en fin somos un equipo usted con nosotros o sino ScaffCo no brillaría. mis saludos.   j.c.a.ch.",Sí,2024-12,,,,,,,,,,,,,,,,,,,,,,,,,,,,,,,,,,,,,,,,,,,,,,,,,,,,,,,,,,,,,
M1-0087,Medición 1,COMPLETED,Otros (especifique) - Mantencion de equipos,7,Por la constante ayuda a entender el mundo de los andamios ScaffCo,7,7,7,7,7,7,7,7,7,7,7,7,7,7,7,N/A,Sí,No,,Sí,Sí,6,"Calidad del Producto,Certificación de Calidad,Seguridad de los Andamios",7,"Seguridad, Calidad y Servicio",7,No,No,2024-12,,,,,,,,,,,,,,,,,,,,,,,,,,,,,,,,,,,,,,,,,,,,,,,,,,,,,,,,,,,,,
M1-0110,Medición 1,COMPLETED,Jefe de Terreno,7,La gran variedad de soluciones y modulaciones frente a nuestros requerimientos,6,6,6,6,6,6,4,6,6,6,6,6,6,6,6,N/A,No,,,No,,,"Calidad del Producto,Seguridad de los Andamios,Servicio de Ingeniería",6,Seguridad Calidad Disponibilidad,6,Mas presencia del personal de ingenieria y capacitadores en las distintas obras.,Sí,2024-12,,,,,,,,,,,,,,,,,,,,,,,,,,,,,,,,,,,,,,,,,,,,,,,,,,,,,,,,,,,,,
M1-0121,Medición 1,COMPLETED,Jefe de Bodega,7,la calidad,7,7,7,7,7,7,7,7,7,N/A,N/A,N/A,N/A,N/A,N/A,6,Sí,Sí,5,No,,,"Marca Reconocida en el Mercado,Certificación de Calidad,Capacidad Técnica para Desafíos Complejos",7,calidad  facil de armar  precio alto,5,,No,2024-12,,,,,,,,,,,,,,,,,,,,,,,,,,,,,,,,,,,,,,,,,,,,,,,,,,,,,,,,,,,,,
M1-0040,Medición 1,COMPLETED,Administrador de Obra,5,,6,6,6,5,6,5,6,5,6,5,5,4,3,5,6,6,No,,,No,,,"Certificación de Calidad,Cobertura y Stock Disponible,Servicio técnico (Visitas e Inducciones)",5,Seguridad Venta Calidad,5,Mejorar visitas técnicas. Que den más soluciones alternativas.,No,2024-12,,,,,,,,,,,,,,,,,,,,,,,,,,,,,,,,,,,,,,,,,,,,,,,,,,,,,,,,,,,,,
M1-0028,Medición 1,COMPLETED,Otros (especifique) - Jefe de Prevencion de Riesgos,7,Buen soporte en capacitación y rapidez en solución de problemáticas,7,6,6,7,7,6,N/A,7,7,7,7,7,7,7,7,N/A,No,,,Sí,Sí,7,"Marca Reconocida en el Mercado,Seguridad de los Andamios,Servicio técnico (Visitas e Inducciones)",7,Responsabilidad Calidad  Seguridad,6,Seguir con un excelente servicio,Sí,2024-12,,,,,,,,,,,,,,,,,,,,,,,,,,,,,,,,,,,,,,,,,,,,,,,,,,,,,,,,,,,,,
M1-0109,Medición 1,COMPLETED,Otros (especifique) - ADMINISTRATIVO,6,"hasta ahora, mis contactos con las Capacitaciones han sido satisfactorios",7,7,7,7,N/A,N/A,N/A,7,7,N/A,N/A,7,N/A,N/A,7,7,Sí,Sí,6,Sí,Sí,6,"Marca Reconocida en el Mercado,Certificación de Calidad,Servicio técnico (Visitas e Inducciones)",7,Buena atención Profesionalismo eficiencia,7,,No,2024-12,,,,,,,,,,,,,,,,,,,,,,,,,,,,,,,,,,,,,,,,,,,,,,,,,,,,,,,,,,,,,
M1-0008,Medición 1,COMPLETED,Jefe de Terreno,4,"Si bien el expositor mostró entusiasmo, su presentación se centró principalmente en experiencias personales sin profundizar en metodologías o herramientas concretas de liderazgo.",N/A,N/A,N/A,N/A,N/A,N/A,N/A,4,N/A,N/A,N/A,N/A,N/A,N/A,N/A,N/A,No,,,No,,,"Calidad del Producto,Servicio de Ingeniería,Servicio técnico (Visitas e Inducciones)",N/A,.,N/A,.,No,2024-12,,,,,,,,,,,,,,,,,,,,,,,,,,,,,,,,,,,,,,,,,,,,,,,,,,,,,,,,,,,,,
M1-0125,Medición 1,COMPLETED,Jefe de Bodega,7,,5,5,5,5,5,7,4,6,7,7,7,7,7,7,7,3,Sí,Sí,7,No,,,"Marca Reconocida en el Mercado,Fabricación Alemana,Calidad del Producto",5,andamios seguridad marca,5,"LA RECEPCION DE LOS MATERIALES, POR FECHA, HORA EL AGENDAMIENTO. EL RETIRO NINGUN PROBLEMA",Sí,2024-11,,,,,,,,,,,,,,,,,,,,,,,,,,,,,,,,,,,,,,,,,,,,,,,,,,,,,,,,,,,,,
M1-0069,Medición 1,COMPLETED,Otros (especifique) - M1 obras civiles,7,Calidad y seguridad,7,7,7,7,7,7,7,7,7,7,7,7,7,7,7,7,No,,,Sí,Sí,7,"Marca Reconocida en el Mercado,Calidad del Producto,Certificación de Calidad",7,Seguridad Compromiso Satisfacción,7,,No,2024-12,,,,,,,,,,,,,,,,,,,,,,,,,,,,,,,,,,,,,,,,,,,,,,,,,,,,,,,,,,,,,
M1-0030,Medición 1,COMPLETED,Prevencionista de Riesgos,7,Buen material y apoyo de capacitación a empresas es una excelente herramienta,7,7,N/A,N/A,N/A,N/A,N/A,7,N/A,N/A,N/A,N/A,N/A,N/A,7,N/A,No,,,No,,,"Calidad del Producto,Certificación de Calidad,Servicio técnico (Visitas e Inducciones)",N/A,N/A,N/A,N /A,Sí,2024-12,,,,,,,,,,,,,,,,,,,,,,,,,,,,,,,,,,,,,,,,,,,,,,,,,,,,,,,,,,,,,
M1-0036,Medición 1,COMPLETED,Prevencionista de Riesgos,7,Por la calidad se sus productos,7,7,7,7,7,7,7,7,7,7,7,7,7,7,7,7,Sí,Sí,7,Sí,Sí,7,"Seguridad de los Andamios,Capacidad Técnica para Desafíos Complejos,Servicio técnico (Visitas e Inducciones)",7,Eficiencia Calidad Asistencia oportuna,7,Ninguna,No,2024-12,,,,,,,,,,,,,,,,,,,,,,,,,,,,,,,,,,,,,,,,,,,,,,,,,,,,,,,,,,,,,
M1-0118,Medición 1,PARTIAL,Gerente de Proyecto,6,Calidad,,,,,,,,,,,,,,,,,,,,,,,,,,,,,2024-12,,,,,,,,,,,,,,,,,,,,,,,,,,,,,,,,,,,,,,,,,,,,,,,,,,,,,,,,,,,,,
M1-0038,Medición 1,PARTIAL,Otros (especifique) - jefe area electrica,7,seguridad y resistencia,,,,,,,,,,,,,,,,,,,,,,,,,,,,,2024-12,,,,,,,,,,,,,,,,,,,,,,,,,,,,,,,,,,,,,,,,,,,,,,,,,,,,,,,,,,,,,
M1-0117,Medición 1,COMPLETED,Prevencionista de Riesgos,7,ateinden bien y responden las preguntas sobre lso temas de los andamios,6,6,6,6,6,6,6,6,6,6,6,6,6,6,6,6,No,,,No,,,"Calidad del Producto,Seguridad de los Andamios,Servicio técnico (Visitas e Inducciones)",6,"calidad, precio, utilidad",6,,Sí,2024-12,,,,,,,,,,,,,,,,,,,,,,,,,,,,,,,,,,,,,,,,,,,,,,,,,,,,,,,,,,,,,
M1-0127,Medición 1,COMPLETED,Administrador de Obra,6,soluciones modulares,6,6,5,6,6,6,5,5,5,6,6,6,6,6,6,3,Sí,Sí,3,No,,,"Certificación de Calidad,Seguridad de los Andamios,Servicio técnico (Visitas e Inducciones)",5,soluciones de andamios y plataformas de trabajo,4,Mejorar lainformacion de la Web por soluciones arrendadas,No,2024-11,,,,,,,,,,,,,,,,,,,,,,,,,,,,,,,,,,,,,,,,,,,,,,,,,,,,,,,,,,,,,
M1-0017,Medición 1,COMPLETED,Administrador de Obra,1,"POCA CLARIDAD EN LA RECEPCION CUANDO SE TRATA DE ARRIENDOS, SERIA ACONSEJABLE MAS TRANSPARENCIA EN LOS PROCESOS DE COBROS Y REBAJAS",3,3,3,3,N/A,2,2,2,5,N/A,N/A,N/A,N/A,N/A,4,1,No,,,No,,,"Marca Reconocida en el Mercado,Calidad del Producto,Cobertura y Stock Disponible",3,"RECONOCIMIENTO, POCA CLARIDAD DE COBROS, CALIDAD",3,,No,2024-12,,,,,,,,,,,,,,,,,,,,,,,,,,,,,,,,,,,,,,,,,,,,,,,,,,,,,,,,,,,,,
M1-0059,Medición 1,COMPLETED,Gerente de Proyecto,6,Servicio sobresaliente y amplio stock de partes y piezas de andamios.,6,6,6,6,6,6,6,6,6,6,6,6,6,6,6,6,No,,,No,,,"Seguridad de los Andamios,Cobertura y Stock Disponible,Servicio de Ingeniería",6,"Calidad, disponibilidad y versatilidad.",6,,Sí,2024-12,,,,,,,,,,,,,,,,,,,,,,,,,,,,,,,,,,,,,,,,,,,,,,,,,,,,,,,,,,,,,
M1-0056,Medición 1,COMPLETED,Otros (especifique) - ADMINISTRATIVO OPERACIONES,7,"SEGURIDAD, SISTEMA AMPLIAMENTE PROBADO, RESPALDO, APOYO EN TERRENO",7,7,6,7,7,6,7,7,7,7,7,7,7,7,7,6,Sí,Sí,7,No,,,"Seguridad de los Andamios,Cobertura y Stock Disponible,Capacidad Técnica para Desafíos Complejos",6,"SEGURIDAD, CONFIABILIDAD, CALIDAD",6,"SOLO PODRÍA MENCIONAR QUE HAY OCACIONES EN QUE LA SOLICITUD DE MODULACIONES SE TARDA UN POCO, SE ENTIENDE QUE SON MÁS PROYECTOS PERO LA NECEDIDA EN TERRENO NO PUEDE ABSORBER ESPERAR MÁS DE DOS SEMANAS POR UNA MODULACIÓN.",Sí,2024-12,,,,,,,,,,,,,,,,,,,,,,,,,,,,,,,,,,,,,,,,,,,,,,,,,,,,,,,,,,,,,
M1-0004,Medición 1,COMPLETED,Otros (especifique) - Asesor Constructibilidad,7,"Buena asesoria, respuesta dentro de plazos, estimacion de costos budget (precios de lista), catalogos de productos claros y completis para pre disrño y estimacion de tipo y cantidad de elementos a incorporar en obra.",6,7,6,7,7,N/A,N/A,7,7,7,6,6,N/A,N/A,7,N/A,No,,,No,,,"Marca Reconocida en el Mercado,Capacidad Técnica para Desafíos Complejos,Servicio de Ingeniería",6,Solucion montaje eficaz,N/A,"Publicitar mas sus links a sistemas WEB de capacitacion, apoyo de Ingenieria a problemas de estructuras de apoyo a montaje y construccion.y estimacion de costos de Construccion a desarrollar en Ing. Detalles (Capex, Opex, Presupuestos) Involucrarse desde Ing de Factibilidad y Detalle con soluciones de apoyo al montaje, eficaces y compatibles con los modulos y elementos comerciales disponibles en plaza (Chile) y precaver necesidades futuras (importaciones) para proyectos industriales especificos.",Sí,2024-12,,,,,,,,,,,,,,,,,,,,,,,,,,,,,,,,,,,,,,,,,,,,,,,,,,,,,,,,,,,,,
M1-0068,Medición 1,COMPLETED,Prevencionista de Riesgos,7,,N/A,N/A,N/A,N/A,5,6,N/A,6,6,6,6,7,7,7,6,N/A,No,,,No,,,"Calidad del Producto,Certificación de Calidad,Seguridad de los Andamios",6,Calidad Andamios Resistencia,6,Mejorar tutoriales de armado de andamios para capacitar a nuevos trabajadores,Sí,2024-12,,,,,,,,,,,,,,,,,,,,,,,,,,,,,,,,,,,,,,,,,,,,,,,,,,,,,,,,,,,,,
M1-0090,Medición 1,COMPLETED,Gerente de Proyecto,7,La atención fue rápida y las recomendaciones precisas,7,7,6,6,N/A,N/A,N/A,6,6,N/A,N/A,N/A,N/A,7,N/A,N/A,No,,,No,,,"Calidad del Producto,Capacidad Técnica para Desafíos Complejos,Servicio de Ingeniería",7,"Calidad, rapidez, atención",N/A,,Sí,2024-12,,,,,,,,,,,,,,,,,,,,,,,,,,,,,,,,,,,,,,,,,,,,,,,,,,,,,,,,,,,,,
M1-0100,Medición 1,PARTIAL,Otros (especifique) - Tenido mecanico plata,7,,1,1,1,1,1,1,1,1,1,1,1,1,1,1,1,,,,,,,,,,,,,,2024-12,,,,,,,,,,,,,,,,,,,,,,,,,,,,,,,,,,,,,,,,,,,,,,,,,,,,,,,,,,,,,
M1-0019,Medición 1,COMPLETED,Administrador de Obra,7,,7,7,7,7,7,7,7,7,7,7,7,7,7,7,7,5,No,,,No,,,"Calidad del Producto,Seguridad de los Andamios,Cobertura y Stock Disponible",7,"Calidad, confianza, rapidez",7,,Sí,2024-12,,,,,,,,,,,,,,,,,,,,,,,,,,,,,,,,,,,,,,,,,,,,,,,,,,,,,,,,,,,,,
M1-0083,Medición 1,COMPLETED,Oficina Técnica,1,"Sobrevalorada la marca, hay mas opciones, ademas el equipo tecnico carece de empatia y los equipos arrendados son usados y no se toma en cuenta al devolverlos",4,1,1,4,3,2,1,2,3,3,4,3,3,3,4,4,No,,,No,,,"Marca Reconocida en el Mercado,Calidad del Producto,Certificación de Calidad",2,"Sobrevalorados, carisimos,",3,,No,2024-12,,,,,,,,,,,,,,,,,,,,,,,,,,,,,,,,,,,,,,,,,,,,,,,,,,,,,,,,,,,,,
M1-0066,Medición 1,COMPLETED,Otros (especifique) - Jefe De Calidad,7,Materiales de Trabajo comodos y seguros,6,5,5,6,5,N/A,6,6,6,6,6,6,6,6,6,6,No,,,No,,,"Certificación de Calidad,Cobertura y Stock Disponible,Capacidad Técnica para Desafíos Complejos",6,Seguridad Compromiso calidad,6,,No,2024-12,,,,,,,,,,,,,,,,,,,,,,,,,,,,,,,,,,,,,,,,,,,,,,,,,,,,,,,,,,,,,
M1-0032,Medición 1,COMPLETED,Otros (especifique) - SG de Administracion y Finanzas,7,"Calidad y prestigio del material, servicios postventa",7,7,6,7,7,7,7,7,7,7,7,6,7,7,7,7,Sí,Sí,4,Sí,No,,"Calidad del Producto,Capacidad Técnica para Desafíos Complejos,Servicio técnico (Visitas e Inducciones)",7,"Calidad, servicio, solución",6,,Sí,2024-12,,,,,,,,,,,,,,,,,,,,,,,,,,,,,,,,,,,,,,,,,,,,,,,,,,,,,,,,,,,,,
M1-0022,Medición 1,COMPLETED,Administrador de Obra,5,"Buena calidad de sus productos, pero últimamente la atención no se ha entregado en los tiempos necearios",5,4,4,5,6,3,4,4,6,5,5,6,6,6,6,5,No,,,No,,,"Calidad del Producto,Cobertura y Stock Disponible,Servicio técnico (Visitas e Inducciones)",5,Calidad Stock Soluciones,5,"Mejorar atención comercial oportuna, mejorar coordinación de despachos y flexibilidad en etapa de devoluciones",No,2024-12,,,,,,,,,,,,,,,,,,,,,,,,,,,,,,,,,,,,,,,,,,,,,,,,,,,,,,,,,,,,,
M1-0123,Medición 1,COMPLETED,Jefe de Bodega,7,"Los productos ofrecidos son de muy alta calidad y en cuanto al servicio lo encuentro muy bueno, esto permite que las solicitudes de entrega y devoluciones funcionen de forma ordenada y transparente para el cliente, además el sistema de control que ofrecen es muy beneficioso.",7,7,7,7,7,7,7,7,7,7,7,7,7,7,7,7,Sí,Sí,7,No,,,"Calidad del Producto,Seguridad de los Andamios,Servicio técnico (Visitas e Inducciones)",7,"Seguridad, eficiencia y compromiso",7,,Sí,2024-11,,,,,,,,,,,,,,,,,,,,,,,,,,,,,,,,,,,,,,,,,,,,,,,,,,,,,,,,,,,,,
M1-0024,Medición 1,COMPLETED,Prevencionista de Riesgos,7,,6,6,6,6,6,6,6,6,6,6,6,6,6,6,6,6,No,,,No,,,"Marca Reconocida en el Mercado,Certificación de Calidad,Capacidad Técnica para Desafíos Complejos",6,bueno,6,bueno,Sí,2024-12,,,,,,,,,,,,,,,,,,,,,,,,,,,,,,,,,,,,,,,,,,,,,,,,,,,,,,,,,,,,,
M1-0011,Medición 1,PARTIAL,Otros (especifique) - Otros,,,,,,,,,,,,,,,,,,,,,,,,,,,,,,,2024-12,,,,,,,,,,,,,,,,,,,,,,,,,,,,,,,,,,,,,,,,,,,,,,,,,,,,,,,,,,,,,
M1-0120,Medición 1,COMPLETED,Administrador de Obra,7,Alto sentido de cumplimiento al cliente,7,7,6,5,7,6,5,6,6,7,7,6,6,6,7,N/A,Sí,Sí,7,No,,,"Seguridad de los Andamios,Capacidad Técnica para Desafíos Complejos,Servicio técnico (Visitas e Inducciones)",7,"Calidad, seguridad, tiempo",6,Buen servicio,No,2024-12,,,,,,,,,,,,,,,,,,,,,,,,,,,,,,,,,,,,,,,,,,,,,,,,,,,,,,,,,,,,,
M1-0023,Medición 1,COMPLETED,Prevencionista de Riesgos,7,Muy eficiente,7,7,5,5,5,7,7,7,7,7,7,7,5,5,7,N/A,No,,,No,,,"Marca Reconocida en el Mercado,Calidad del Producto,Seguridad de los Andamios",7,"Seguridad, eficiencia y eficacia.",5,"Seguir de la misma manera y productos de excelente calidad, eliminar los que no estén de buena manera y seguir sobresaliendo en el mercado",No,2024-12,,,,,,,,,,,,,,,,,,,,,,,,,,,,,,,,,,,,,,,,,,,,,,,,,,,,,,,,,,,,,
M1-0070,Medición 1,COMPLETED,Gerente de Proyecto,7,"La calidad del producto, la seguridad del andamio ScaffCo y lo fácil de armar.",7,7,7,7,4,7,N/A,7,7,7,5,6,N/A,N/A,7,7,No,,,No,,,"Marca Reconocida en el Mercado,Certificación de Calidad,Seguridad de los Andamios",7,Calidad. Variedad de productos.  Seguridad,6,"Que como pequeño empresario en el rubro del arriendo de andamios y a pocos años de comenzar a comprar andamios ScaffCo, no tengan repuestos o accesorios a la venta al por menor, pues, no son muchos los andamios que tengo para arrendar.",Sí,2024-12,,,,,,,,,,,,,,,,,,,,,,,,,,,,,,,,,,,,,,,,,,,,,,,,,,,,,,,,,,,,,
M1-0065,Medición 1,PARTIAL,Supervisor de Andamios,7,Por qué es un andamio funcional,,,,,,,,,,,,,,,,,,,,,,,,,,,,,2024-12,,,,,,,,,,,,,,,,,,,,,,,,,,,,,,,,,,,,,,,,,,,,,,,,,,,,,,,,,,,,,
M1-0105,Medición 1,COMPLETED,Administrador de Obra,7,Por el buen servicio que entregan en asesoría y calidad del sistema,7,7,6,7,7,7,5,7,7,7,7,7,7,7,7,7,No,,,No,,,"Calidad del Producto,Certificación de Calidad,Seguridad de los Andamios",7,seguridad calidad excelencia,6,no se imponga tipo de vehículo para retirar ciertos materiales,No,2024-12,,,,,,,,,,,,,,,,,,,,,,,,,,,,,,,,,,,,,,,,,,,,,,,,,,,,,,,,,,,,,
M1-0058,Medición 1,COMPLETED,Jefe de Terreno,4,No están dando respuesta a las solicitudes de los materiales requeridos,4,4,3,3,3,4,4,4,6,4,6,6,6,6,6,5,Sí,Sí,6,Sí,Sí,4,"Fabricación Alemana,Calidad del Producto,Seguridad de los Andamios",4,"Calidad, experiencia y profesionalismo",5,"Responder a correos de las solicitudes del material que se requiere, lamentablemente no están tomando en cuenta al cliente en la obra en especifico en la cual me encuentro (caso puntual), lo que hace bajar la evaluación",Sí,2024-12,,,,,,,,,,,,,,,,,,,,,,,,,,,,,,,,,,,,,,,,,,,,,,,,,,,,,,,,,,,,,
M1-0124,Medición 1,COMPLETED,Administrador de Obra,7,Por que sus materiales se encuentran certificados y además cumplen con fecha de entrega solicitada.,7,7,7,7,7,7,7,7,7,7,7,7,7,7,7,N/A,Sí,Sí,7,Sí,Sí,7,"Certificación de Calidad,Cobertura y Stock Disponible,Capacidad Técnica para Desafíos Complejos",7,Fabricación Alemana Seguridad Calidad,7,,Sí,2024-11,,,,,,,,,,,,,,,,,,,,,,,,,,,,,,,,,,,,,,,,,,,,,,,,,,,,,,,,,,,,,
M1-0098,Medición 1,COMPLETED,Prevencionista de Riesgos,7,soluciones sencillas para distintas areas,7,7,7,7,7,7,7,7,7,7,7,7,7,7,7,7,Sí,Sí,7,No,,,"Fabricación Alemana,Calidad del Producto,Seguridad de los Andamios",7,"calidad, soluciones 7y seguridad",7,excelentes productos,Sí,2024-12,,,,,,,,,,,,,,,,,,,,,,,,,,,,,,,,,,,,,,,,,,,,,,,,,,,,,,,,,,,,,
M1-0113,Medición 1,COMPLETED,Gerente de Proyecto,5,"Andamio de primero nivel, ...servicio, creo que el apoyo al informar la gama de servicios es ineficiente, lo que hace que no se use el 100% de lo ofrecido en cuanto a deltas...",6,5,4,6,6,6,4,5,6,6,6,6,6,6,7,6,Sí,Sí,6,No,,,"Marca Reconocida en el Mercado,Calidad del Producto,Servicio técnico (Visitas e Inducciones)",5,Certificación  Visitas técnicas Marca reconocida,5,"la información para con los clientes, del proceso de apoyo de los distintos servicios, en ventas y arriendos, es necesario reforzar.",Sí,2024-12,,,,,,,,,,,,,,,,,,,,,,,,,,,,,,,,,,,,,,,,,,,,,,,,,,,,,,,,,,,,,
M1-0010,Medición 1,PARTIAL,Prevencionista de Riesgos,,,,,,,,,,,,,,,,,,,,,,,,,,,,,,,2024-12,,,,,,,,,,,,,,,,,,,,,,,,,,,,,,,,,,,,,,,,,,,,,,,,,,,,,,,,,,,,,
M1-0082,Medición 1,COMPLETED,Otros (especifique),7,Buena disposición,7,7,7,7,7,7,7,7,7,7,7,7,7,7,7,7,No,,,No,,,"Marca Reconocida en el Mercado,Certificación de Calidad,Cobertura y Stock Disponible",7,"Compromiso, seguridad, eficiencia",7,,Sí,2024-12,,,,,,,,,,,,,,,,,,,,,,,,,,,,,,,,,,,,,,,,,,,,,,,,,,,,,,,,,,,,,
M1-0099,Medición 1,COMPLETED,Jefe de Terreno,7,Por la versatilidad y calidad de los equipos,7,7,6,7,7,7,6,7,7,7,7,6,6,6,7,7,Sí,Sí,7,No,,,"Fabricación Alemana,Calidad del Producto,Seguridad de los Andamios",7,"Calidad, Seguridad, Compromiso",6,"Creo que abarca todos los aspectos del servicio,",No,2024-12,,,,,,,,,,,,,,,,,,,,,,,,,,,,,,,,,,,,,,,,,,,,,,,,,,,,,,,,,,,,,
M1-0107,Medición 1,COMPLETED,Gerente de Proyecto,6,El respaldo técnico y asesoría,7,7,6,6,6,6,4,6,6,6,6,6,6,5,7,4,Sí,Sí,5,No,,,"Marca Reconocida en el Mercado,Seguridad de los Andamios,Capacidad Técnica para Desafíos Complejos",6,Calidad Profesionalismo Confiable,6,Realizar cursos para la supervisión y oficina técnica,Sí,2024-12,,,,,,,,,,,,,,,,,,,,,,,,,,,,,,,,,,,,,,,,,,,,,,,,,,,,,,,,,,,,,
M1-0006,Medición 1,COMPLETED,Otros (especifique) - Gerente Comercial,7,"equipos con calidad certificada , muy buena atención por parte de el personal ScaffCo,",7,7,7,7,7,7,7,7,7,7,7,7,7,7,7,7,Sí,Sí,7,No,,,"Seguridad de los Andamios,Capacidad Técnica para Desafíos Complejos,Servicio de Ingeniería",7,"tecnología, calidad, seguridad",7,,Sí,2024-12,,,,,,,,,,,,,,,,,,,,,,,,,,,,,,,,,,,,,,,,,,,,,,,,,,,,,,,,,,,,,
M1-0041,Medición 1,PARTIAL,Administrador de Obra,7,,7,7,7,7,7,7,7,7,7,7,7,7,7,7,7,7,Sí,Sí,7,Sí,Sí,7,"Seguridad de los Andamios,Servicio de Ingeniería,Servicio técnico (Visitas e Inducciones)",,,,,,2024-12,,,,,,,,,,,,,,,,,,,,,,,,,,,,,,,,,,,,,,,,,,,,,,,,,,,,,,,,,,,,,
M1-0076,Medición 1,COMPLETED,Otros (especifique) - .,N/A,,7,7,5,5,6,4,3,4,5,N/A,N/A,N/A,N/A,N/A,N/A,3,No,,,No,,,"Calidad del Producto,Certificación de Calidad,Seguridad de los Andamios",5,.,6,"Emitir estados de pago y facturas en acuerdo previo con la obra y con ordenes de compra con saldo suficiente, siempre facturan con cualquier número de orden de compra, por ejemplo con una orden de compra que es solo por arriendo se facturan reparaciones y reposiciones ¿?",No,2024-12,,,,,,,,,,,,,,,,,,,,,,,,,,,,,,,,,,,,,,,,,,,,,,,,,,,,,,,,,,,,,
M1-0097,Medición 1,PARTIAL,Gerente de Proyecto,6,,,,,,,,,,,,,,,,,,,,,,,,,,,,,,2024-12,,,,,,,,,,,,,,,,,,,,,,,,,,,,,,,,,,,,,,,,,,,,,,,,,,,,,,,,,,,,,
M1-0077,Medición 1,COMPLETED,Jefe de Bodega,7,se puede trabajar de forma ordenada y coordinada con ScaffCo,7,7,7,7,7,7,7,7,7,7,7,7,7,7,7,7,Sí,Sí,7,Sí,No,,"Calidad del Producto,Certificación de Calidad,Servicio técnico (Visitas e Inducciones)",7,solucion servicio calidad,7,solo buenos comentarios ...un gran servicio,Sí,2024-12,,,,,,,,,,,,,,,,,,,,,,,,,,,,,,,,,,,,,,,,,,,,,,,,,,,,,,,,,,,,,
M1-0007,Medición 1,COMPLETED,Jefe de Terreno,7,Rapidez,7,7,7,7,7,7,7,7,7,7,7,7,7,7,7,7,Sí,Sí,7,Sí,Sí,7,"Marca Reconocida en el Mercado,Seguridad de los Andamios,Cobertura y Stock Disponible",7,Calidad Rapidez Seguridad,7,n/a,Sí,2024-12,,,,,,,,,,,,,,,,,,,,,,,,,,,,,,,,,,,,,,,,,,,,,,,,,,,,,,,,,,,,,
M1-0126,Medición 1,PARTIAL,Oficina Técnica,7,Buen servicio,7,7,7,7,7,7,7,7,7,6,N/A,7,N/A,N/A,N/A,N/A,No,,,No,,,,,,,,,2024-11,,,,,,,,,,,,,,,,,,,,,,,,,,,,,,,,,,,,,,,,,,,,,,,,,,,,,,,,,,,,,
M1-0094,Medición 1,COMPLETED,Jefe de Terreno,7,"Compromiso, comunicación, calidad",7,7,7,7,5,4,7,6,6,7,7,7,7,7,7,N/A,Sí,Sí,6,No,,,"Marca Reconocida en el Mercado,Certificación de Calidad,Capacidad Técnica para Desafíos Complejos",6,.,7,Sigan así,No,2024-12,,,,,,,,,,,,,,,,,,,,,,,,,,,,,,,,,,,,,,,,,,,,,,,,,,,,,,,,,,,,,
M1-0063,Medición 1,COMPLETED,Otros (especifique) - Gerente de Ingeniería,7,Confianza del soporte y servicio,7,7,7,7,7,7,7,7,7,7,7,7,7,7,7,7,Sí,Sí,7,Sí,No,,"Calidad del Producto,Capacidad Técnica para Desafíos Complejos,Servicio de Ingeniería",7,"Seguridad, servicio y calidad",7,"Perseverar en mantener el valor que han generado (seguridad, servicio y calidad)",Sí,2024-12,,,,,,,,,,,,,,,,,,,,,,,,,,,,,,,,,,,,,,,,,,,,,,,,,,,,,,,,,,,,,
M1-0129,Medición 1,COMPLETED,Administrador de Obra,7,"Material se adapta a las necesidades, fácil de armar, versátil.  Visitas periódicas del especialista ScaffCo, asegura una actividad controlado y sin riesgo, corrigiendo oportunamente las desviaciones.",7,7,7,7,7,6,5,6,7,N/A,7,7,7,7,7,6,Sí,No,,No,,,"Seguridad de los Andamios,Cobertura y Stock Disponible,Servicio técnico (Visitas e Inducciones)",7,Seguridad Stock  Servicio,6,"Mejorar tiempos de recepción, al momento de devolver.",Sí,2024-11,,,,,,,,,,,,,,,,,,,,,,,,,,,,,,,,,,,,,,,,,,,,,,,,,,,,,,,,,,,,,
M1-0025,Medición 1,COMPLETED,Administrador de Obra,7,Material con buen Precio/Calidad,7,7,7,7,7,7,N/A,7,7,N/A,N/A,7,N/A,N/A,7,N/A,No,,,No,,,"Calidad del Producto,Certificación de Calidad,Seguridad de los Andamios",N/A,"Confiabilidad y seguridad, precio, calidad",7,"Seria muy conveniente que nos hicieran una visita, sin que nosotros la solicitemos, para verificar en terreno el uso y confiabilidad de ellos y conversar con el personal que realmente arma y usa los andamios en terreno.",Sí,2024-12,,,,,,,,,,,,,,,,,,,,,,,,,,,,,,,,,,,,,,,,,,,,,,,,,,,,,,,,,,,,,
M1-0096,Medición 1,COMPLETED,Jefe de Terreno,7,"La atención pos venta, la disponibilidad para mejorar el servicio al presentarse desvíos en los proyectos",7,7,5,7,7,7,7,6,7,6,6,7,7,7,7,7,Sí,Sí,6,Sí,Sí,7,"Calidad del Producto,Seguridad de los Andamios,Servicio técnico (Visitas e Inducciones)",6,"Confianza, Seguro, Calidad",4,Mejorar los productos que manejan en estok versus lo que aparece en los catálogos,Sí,2024-12,,,,,,,,,,,,,,,,,,,,,,,,,,,,,,,,,,,,,,,,,,,,,,,,,,,,,,,,,,,,,
M1-0018,Medición 1,PARTIAL,Supervisor de Andamios,,,,,,,,,,,,,,,,,,,,,,,,,,,,,,,2024-12,,,,,,,,,,,,,,,,,,,,,,,,,,,,,,,,,,,,,,,,,,,,,,,,,,,,,,,,,,,,,
M1-0101,Medición 1,COMPLETED,Otros (especifique) - Capataz- maestro mayor,7,Por su versatilidad a la hora de ocupar este tipo de andamios..,7,7,N/A,N/A,7,7,7,7,7,7,7,7,7,7,7,N/A,Sí,Sí,7,Sí,Sí,7,"Marca Reconocida en el Mercado,Certificación de Calidad,Seguridad de los Andamios",7,"Liviano, fácil de usar,reconocida en el mercado.",7,Felicitaciones...,Sí,2024-12,,,,,,,,,,,,,,,,,,,,,,,,,,,,,,,,,,,,,,,,,,,,,,,,,,,,,,,,,,,,,
M1-0037,Medición 1,COMPLETED,Administrador de Obra,6,Muy buenos equipos y soluciones,N/A,N/A,N/A,N/A,N/A,N/A,N/A,6,6,N/A,N/A,N/A,N/A,N/A,N/A,N/A,No,,,No,,,"Fabricación Alemana,Calidad del Producto,Seguridad de los Andamios",5,Alto costo,5,"Infelizmente hace varias obras que no trabajo directo con ustedes, pero sí con proveedores como por ejemplo HOHE, quienes tienes sus andamios, el costo de arrendar directo con ScaffCo es alto....",No,2024-12,,,,,,,,,,,,,,,,,,,,,,,,,,,,,,,,,,,,,,,,,,,,,,,,,,,,,,,,,,,,,
M1-0075,Medición 1,COMPLETED,Gerente de Proyecto,7,tiene todos los productos necesarios de apoyo,7,6,5,6,7,6,5,6,6,6,6,6,6,6,7,5,No,,,No,,,"Capacidad Técnica para Desafíos Complejos,Servicio de Ingeniería,Servicio técnico (Visitas e Inducciones)",6,arriendo de plataformas,6,,Sí,2024-12,,,,,,,,,,,,,,,,,,,,,,,,,,,,,,,,,,,,,,,,,,,,,,,,,,,,,,,,,,,,,
M1-0122,Medición 1,COMPLETED,Gerente de Proyecto,7,"Buena atención, apoyo a las necesidades de nuestras obras y rápida gestion",6,6,7,7,7,7,6,7,7,7,7,7,7,7,7,6,No,,,No,,,"Certificación de Calidad,Cobertura y Stock Disponible,Servicio de Ingeniería",7,"Seguridad, profesional y agil",6,,Sí,2024-11,,,,,,,,,,,,,,,,,,,,,,,,,,,,,,,,,,,,,,,,,,,,,,,,,,,,,,,,,,,,,
M1-0035,Medición 1,COMPLETED,Oficina Técnica,7,"Calidad de los equipos, calidad del servicio de apoyo como supervisión e ingeniería",7,7,7,7,7,7,7,7,7,7,7,7,7,7,7,7,Sí,Sí,7,No,,,"Cobertura y Stock Disponible,Servicio de Ingeniería,Servicio técnico (Visitas e Inducciones)",7,ALEMANA ANDAMIO CALIDAD,7,,Sí,2024-12,,,,,,,,,,,,,,,,,,,,,,,,,,,,,,,,,,,,,,,,,,,,,,,,,,,,,,,,,,,,,
M1-0027,Medición 1,PARTIAL,Otros (especifique) - Recursos Humanos,,,,,,,,,,,,,,,,,,,,,,,,,,,,,,,2024-12,,,,,,,,,,,,,,,,,,,,,,,,,,,,,,,,,,,,,,,,,,,,,,,,,,,,,,,,,,,,,
M1-0104,Medición 1,COMPLETED,Oficina Técnica,7,Calidad y Servicio al Cliente,7,7,7,7,7,7,7,7,7,7,7,7,7,7,7,7,Sí,No,,Sí,Sí,7,"Calidad del Producto,Cobertura y Stock Disponible,Servicio técnico (Visitas e Inducciones)",7,"Calidad, Servicio, Confiabilildad",5,Me gustaría que el mismo servicio fuera mas barato,No,2024-12,,,,,,,,,,,,,,,,,,,,,,,,,,,,,,,,,,,,,,,,,,,,,,,,,,,,,,,,,,,,,
M1-0003,Medición 1,COMPLETED,Administrador de Obra,7,Calidad del producto y servicio.,6,6,6,5,5,6,6,6,6,5,4,5,6,6,6,6,No,,,No,,,"Marca Reconocida en el Mercado,Calidad del Producto,Seguridad de los Andamios",5,Bueno. confianza. seguro.,6,,No,2024-12,,,,,,,,,,,,,,,,,,,,,,,,,,,,,,,,,,,,,,,,,,,,,,,,,,,,,,,,,,,,,
M1-0015,Medición 1,COMPLETED,Otros (especifique) - Jefe departamento tecnico,7,Excelente atención técnica.,7,7,7,7,7,7,7,7,7,7,7,7,7,7,7,N/A,Sí,No,,Sí,No,,"Seguridad de los Andamios,Capacidad Técnica para Desafíos Complejos,Servicio de Ingeniería",7,Excelencia Profesionalismo Seriedad,6,Muy buena relación con el personal y profesionales ScaffCo.,Sí,2024-12,,,,,,,,,,,,,,,,,,,,,,,,,,,,,,,,,,,,,,,,,,,,,,,,,,,,,,,,,,,,,
M1-0062,Medición 1,COMPLETED,Gerente de Proyecto,6,,6,6,4,5,6,5,N/A,5,6,6,6,6,5,5,6,N/A,No,,,No,,,"Calidad del Producto,Certificación de Calidad,Seguridad de los Andamios",5,"Calidad, seguridad, innovación",5,,Sí,2024-12,,,,,,,,,,,,,,,,,,,,,,,,,,,,,,,,,,,,,,,,,,,,,,,,,,,,,,,,,,,,,
M1-0085,Medición 1,COMPLETED,Otros (especifique) - M1,7,facil de trabajar y muy confiables,7,7,7,7,7,7,7,7,7,7,7,7,7,7,7,7,No,,,No,,,"Fabricación Alemana,Certificación de Calidad,Seguridad de los Andamios",7,seguridad calidad aplicacion,7,,No,2024-12,,,,,,,,,,,,,,,,,,,,,,,,,,,,,,,,,,,,,,,,,,,,,,,,,,,,,,,,,,,,,
M1-0046,Medición 1,COMPLETED,Otros (especifique) - Jefe de planificación y gestión,7,La calidad del material,6,6,5,6,6,5,5,6,7,6,6,6,7,7,7,6,Sí,Sí,6,No,,,"Calidad del Producto,Seguridad de los Andamios,Capacidad Técnica para Desafíos Complejos",6,Calidad Seguridad Prestancia,6,Mejorar tiempos de entrega y devolución de material,Sí,2024-12,,,,,,,,,,,,,,,,,,,,,,,,,,,,,,,,,,,,,,,,,,,,,,,,,,,,,,,,,,,,,
M1-0093,Medición 1,COMPLETED,Jefe de Bodega,7,soluciones rápidas a los requerimientos,6,7,7,7,7,6,6,7,7,6,6,6,6,6,6,5,No,,,No,,,"Certificación de Calidad,Seguridad de los Andamios,Servicio técnico (Visitas e Inducciones)",6,calidad seguridad amabilidad,6,,No,2024-12,,,,,,,,,,,,,,,,,,,,,,,,,,,,,,,,,,,,,,,,,,,,,,,,,,,,,,,,,,,,,
M1-0072,Medición 1,PARTIAL,Oficina Técnica,7,"compromiso, resolución de problemas de manera eficiente y segura",7,7,6,7,7,7,7,6,6,,,,,,,,,,,,,,,,,,,,2024-12,,,,,,,,,,,,,,,,,,,,,,,,,,,,,,,,,,,,,,,,,,,,,,,,,,,,,,,,,,,,,
M1-0016,Medición 1,COMPLETED,Oficina Técnica,7,,7,7,7,7,6,6,6,6,6,7,7,7,7,6,7,5,Sí,Sí,6,Sí,Sí,6,"Calidad del Producto,Seguridad de los Andamios,Capacidad Técnica para Desafíos Complejos",7,compromiso confiabilidad seguridad,6,,Sí,2024-12,,,,,,,,,,,,,,,,,,,,,,,,,,,,,,,,,,,,,,,,,,,,,,,,,,,,,,,,,,,,,
M2-0043,Medición 2,COMPLETED,Otros (especifique) - Ejecutivo comercial,6,,5,5,4,5,,,,,,N/A,N/A,N/A,N/A,N/A,N/A,,Sí,Sí,3,No,,,"Marca Reconocida en el Mercado,Fabricación Alemana,Calidad del Producto",4,"Calidad, asesoría, marca",4,"Como sugerencia, se agradecería que los tiempos de espera para retiro sean menores, en los últimos retiros el tiempo de espera para carga fueron de casi 3 horas.",No,2025-07,Distribuidor,II Región de Antofagasta,3,6,N/A,6,N/A,4,6,3,5,5,5,N/A,4,6,N/A,,,,,,,,,,,,,,,,,,,,,,,,,,,,,,,,,,,,,,,,,,,,
M2-0031,Medición 2,COMPLETED,Gerente de Proyecto,7,"Seguridad, calidad y certificación",7,7,6,7,,,,,,N/A,N/A,6,6,6,7,,No,,,No,,,"Calidad del Producto,Certificación de Calidad,Seguridad de los Andamios",6,"Seguridad, calidad, certificación",5,,Sí,2025-07,"Constructoras e inmobiliarias edificación,Restauración",RM Región Metropolitana de Santiago,7,N/A,N/A,7,N/A,6,7,4,7,7,7,N/A,6,7,N/A,,,,,,,,,,,,,,,,,,,,,,,,,,,,,,,,,,,,,,,,,,,,
M2-0048,Medición 2,COMPLETED,Administrador de Obra,7,,7,7,7,7,,,,,,7,7,7,7,7,7,,Sí,No,,Sí,Sí,7,"Capacidad Técnica para Desafíos Complejos,Servicio de Ingeniería,Servicio técnico (Visitas e Inducciones)",7,"Seguridad, compromiso, versatilidad",6,,Sí,2025-07,"Montaje industrial,Contratista industrial y minería,Planta minera",IV Región de Coquimbo,7,7,7,7,7,7,7,7,7,7,7,7,7,7,7,,,,,,,,,,,,,,,,,,,,,,,,,,,,,,,,,,,,,,,,,,,,
M2-0011,Medición 2,COMPLETED,Administrador de Obra,7,buen tiempo respuesta de entrega . buen precio mercado buen soporte tecnico,7,7,7,7,,,,,,7,7,7,7,7,7,,Sí,No,,No,,,"Calidad del Producto,Seguridad de los Andamios,Cobertura y Stock Disponible",7,CALIDAD SERVICIO EXCELENCIA,7,,Sí,2025-07,"Montaje industrial,Contratista industrial y minería",RM Región Metropolitana de Santiago,7,7,7,7,7,7,7,7,7,7,7,7,7,7,7,,,,,,,,,,,,,,,,,,,,,,,,,,,,,,,,,,,,,,,,,,,,
M2-0059,Medición 2,COMPLETED,Gerente de Proyecto,7,Proveedor de andamios de alta calidad y disponibilidad de distribución,5,5,3,5,,,,,,6,7,7,6,5,7,,No,,,No,,,"Calidad del Producto,Certificación de Calidad,Cobertura y Stock Disponible",5,Calidad Seguridad Stock,5,Preocupa que no tengan certificado su sistema de gestión de la calidad local (en Chile).,Sí,2025-07,"Montaje industrial,Distribuidor",II Región de Antofagasta,5,6,N/A,6,N/A,6,6,6,6,6,6,N/A,6,6,N/A,,,,,,,,,,,,,,,,,,,,,,,,,,,,,,,,,,,,,,,,,,,,
M2-0053,Medición 2,COMPLETED,Gerente de Proyecto,6,Andamios Certificados,7,7,7,7,,,,,,6,6,N/A,N/A,N/A,6,,No,,,No,,,"Marca Reconocida en el Mercado,Fabricación Alemana,Certificación de Calidad",6,Andamios Certificados,6,Precio,Sí,2025-07,"Montaje industrial,Distribuidor,Montador de andamios,Planta minera",IV Región de Coquimbo,7,7,7,7,7,7,7,6,6,7,6,6,6,7,7,,,,,,,,,,,,,,,,,,,,,,,,,,,,,,,,,,,,,,,,,,,,
M2-0025,Medición 2,COMPLETED,Gerente de Proyecto,7,Servicio diligente y amable.,7,7,7,7,,,,,,7,7,N/A,N/A,N/A,7,,No,,,No,,,"Certificación de Calidad,Cobertura y Stock Disponible,Capacidad Técnica para Desafíos Complejos",7,"Seguridad, soluciones y calidad.",6,"Agradecido de su ayuda y confiar en pymes que recian inician,  fascilitando siempre una ayuda.",Sí,2025-07,Planta minera,III Región de Atacama,7,7,N/A,7,N/A,7,7,7,7,7,7,N/A,7,7,7,,,,,,,,,,,,,,,,,,,,,,,,,,,,,,,,,,,,,,,,,,,,
M2-0033,Medición 2,COMPLETED,Administrador de Obra,6,,7,6,7,6,,,,,,5,5,5,5,5,5,,Sí,No,,No,,,"Calidad del Producto,Seguridad de los Andamios,Servicio de Ingeniería",6,Buen estandad,6,Mejorar  los plazos de cobro de material no devuelto o criterio de material dañado,No,2025-07,Constructoras e inmobiliarias edificación,RM Región Metropolitana de Santiago,5,6,1,7,6,7,7,6,7,5,6,6,6,7,3,,,,,,,,,,,,,,,,,,,,,,,,,,,,,,,,,,,,,,,,,,,,
M2-0052,Medición 2,COMPLETED,Gerente de Proyecto,7,Disponibilidad y rapidez,7,7,7,7,,,,,,7,7,7,7,7,7,,Sí,Sí,7,Sí,Sí,7,"Calidad del Producto,Seguridad de los Andamios,Cobertura y Stock Disponible",7,"Comprmiso, rapidez y seguridad.",7,100%,No,2025-07,"Montaje industrial,Contratista industrial y minería",III Región de Atacama,7,7,7,7,7,7,7,7,7,7,7,7,7,7,7,,,,,,,,,,,,,,,,,,,,,,,,,,,,,,,,,,,,,,,,,,,,
M2-0014,Medición 2,COMPLETED,Administrador de Obra,7,Productos de calidad y asesoria oportuna y profesional,7,7,7,7,,,,,,7,7,7,7,7,7,,Sí,Sí,7,Sí,No,,"Certificación de Calidad,Capacidad Técnica para Desafíos Complejos,Servicio técnico (Visitas e Inducciones)",7,"seguridad, calidad, eficiencia",7,,No,2025-07,"Montaje industrial,Contratista / instalador",VII Región del Maule,7,7,7,7,7,7,7,7,7,7,7,7,7,7,7,,,,,,,,,,,,,,,,,,,,,,,,,,,,,,,,,,,,,,,,,,,,
M2-0038,Medición 2,COMPLETED,Jefe de Bodega,7,"Atención oportuna, servicio al cliente, Logística eficiente.",7,7,7,7,,,,,,7,7,7,7,7,7,,Sí,Sí,6,No,,,"Certificación de Calidad,Seguridad de los Andamios,Cobertura y Stock Disponible",7,Buena gestión y asesoría al cliente,7,,Sí,2025-07,Otros (especifique) - Plantas Celulosas Arauco,VIII Región del Biobío,7,7,7,7,7,7,7,7,7,7,7,7,7,7,7,,,,,,,,,,,,,,,,,,,,,,,,,,,,,,,,,,,,,,,,,,,,
M2-0013,Medición 2,COMPLETED,Supervisor de Andamios,7,Calidad del producto  Variedad  Innovación  Respuesta entrega  Respuesta asesores,7,7,7,7,,,,,,7,7,7,7,7,7,,Sí,No,,No,,,"Certificación de Calidad,Cobertura y Stock Disponible,Servicio técnico (Visitas e Inducciones)",7,Calidad  Efectivo  Compañía,7,,Sí,2025-07,Contratista industrial y minería,RM Región Metropolitana de Santiago,7,7,7,7,7,7,7,7,7,7,7,7,7,7,7,,,,,,,,,,,,,,,,,,,,,,,,,,,,,,,,,,,,,,,,,,,,
M2-0046,Medición 2,COMPLETED,Jefe de Terreno,7,"Asistencia en obra, disponibilidad, asesoría, ingeniería de proyectos, voluntad.",7,N/A,N/A,N/A,,,,,,7,7,7,7,7,7,,No,,,No,,,"Marca Reconocida en el Mercado,Seguridad de los Andamios,Servicio técnico (Visitas e Inducciones)",7,Ingeniería Disposición Profesionalismo,N/A,,Sí,2025-07,Constructoras e inmobiliarias edificación,RM Región Metropolitana de Santiago,7,7,N/A,7,7,7,7,7,7,7,7,7,7,7,N/A,,,,,,,,,,,,,,,,,,,,,,,,,,,,,,,,,,,,,,,,,,,,
M2-0004,Medición 2,COMPLETED,Prevencionista de Riesgos,7,"ANDAMIOS CUMPLEN CON  UN SISTEMA SEGURO , RAPIDO DE MONTAJE Y DESMONTAJE , ADEMAS DE DISPONER DE UNA BUENS DISPOSICION PARA LAS  REVISION DE DUDAS O MEJORAS EN TERRENO. .",7,6,7,7,,,,,,7,7,7,7,7,7,,No,,,No,,,"Certificación de Calidad,Seguridad de los Andamios,Servicio técnico (Visitas e Inducciones)",7,"SEGURIDAD, SOLUCIONES, MEJORAS",6,,No,2025-07,Constructoras e inmobiliarias edificación,X Región de Los Lagos,7,7,7,6,7,7,7,7,7,7,6,6,7,7,N/A,,,,,,,,,,,,,,,,,,,,,,,,,,,,,,,,,,,,,,,,,,,,
M2-0016,Medición 2,COMPLETED,Jefe de otras áreas no listadas,7,Calidad y prestigio,6,6,4,6,,,,,,6,6,6,6,6,6,,Sí,Sí,5,No,,,"Fabricación Alemana,Capacidad Técnica para Desafíos Complejos,Servicio técnico (Visitas e Inducciones)",6,Prestigio Expertos Confiables,5,"Falta un servicio incorporado, como saber que equipos tenemos en terreno de forma fácil. Los sistemas que hoy se conocen dependen de alguien que registre datos, debiera ser más automático con apoyo de inteligencia artificial. Con esto conocer si realmente se está utilizando eficientemente la modulación en terreno.",No,2025-07,"Montaje industrial,Constructoras e inmobiliarias edificación",II Región de Antofagasta,6,6,6,6,5,6,6,6,6,6,6,6,6,6,,,,,,,,,,,,,,,,,,,,,,,,,,,,,,,,,,,,,,,,,,,,,
M2-0002,Medición 2,COMPLETED,Gerente de Proyecto,7,La Atención comercial es rápida y oportuna,7,7,6,7,,,,,,4,4,7,7,7,7,,Sí,Sí,6,Sí,No,,"Calidad del Producto,Seguridad de los Andamios,Servicio técnico (Visitas e Inducciones)",5,Seguridad Calidad Prestigio,7,Lentitud en entrega de diseños,Sí,2025-07,Montaje industrial,XVI Región de Ñuble,7,7,5,7,7,7,7,7,7,5,5,7,6,7,7,,,,,,,,,,,,,,,,,,,,,,,,,,,,,,,,,,,,,,,,,,,,
M2-0057,Medición 2,PARTIAL,Otros (especifique) - Gerente Estudios,6,,7,6,6,6,,,,,,,,,,,,,,,,,,,,,,,,,2025-07,Contratista industrial y minería,RM Región Metropolitana de Santiago,6,,,,,,,,,,,,,,,,,,,,,,,,,,,,,,,,,,,,,,,,,,,,,,,,,,,,,,,,,,
M2-0034,Medición 2,COMPLETED,Prevencionista de Riesgos,7,Buen precio y calidad de materiales,7,7,7,7,,,,,,7,7,7,7,7,7,,Sí,No,,No,,,"Marca Reconocida en el Mercado,Calidad del Producto,Servicio técnico (Visitas e Inducciones)",7,"calidad, precio y buen servicio",7,Tienen un excelente servicio y calidad de materiales,Sí,2025-07,Constructoras e inmobiliarias edificación,V Región de Valparaíso,7,7,7,7,7,7,7,7,7,7,7,7,7,7,7,,,,,,,,,,,,,,,,,,,,,,,,,,,,,,,,,,,,,,,,,,,,
M2-0027,Medición 2,COMPLETED,Otros (especifique) - Gte Operaciones,7,Excelencia en el servicio,7,7,6,7,,,,,,7,7,7,7,7,7,,Sí,Sí,7,Sí,No,,"Calidad del Producto,Seguridad de los Andamios,Servicio técnico (Visitas e Inducciones)",7,Servicio honestidad pestigio,7,Mas visitas a terreno,Sí,2025-07,Montaje industrial,II Región de Antofagasta,7,7,7,7,5,5,7,6,7,6,6,5,6,7,7,,,,,,,,,,,,,,,,,,,,,,,,,,,,,,,,,,,,,,,,,,,,
M2-0015,Medición 2,COMPLETED,Supervisor de Andamios,7,"Confianza, respaldo y responsabilidad social.",5,5,3,5,,,,,,6,7,6,5,6,6,,No,,,Sí,Sí,5,"Capacidad Técnica para Desafíos Complejos,Servicio de Ingeniería,Servicio técnico (Visitas e Inducciones)",6,"Calidad, Trayectoria y capacidad tecnica",5,,Sí,2025-07,"Montaje industrial,Contratista industrial y minería,Constructoras e inmobiliarias edificación,Infraestructura y concesionarias,Eventos y espectáculos,Restauración,Distribuidor,Montador de andamios,Contratista / instalador,Planta minera,Planta energética,Planta refinería,Planta GNL,Planta forestal,Municipalidades y servicios públicos",I Región de Tarapacá,4,7,N/A,6,4,4,7,6,6,6,5,6,6,7,5,,,,,,,,,,,,,,,,,,,,,,,,,,,,,,,,,,,,,,,,,,,,
M2-0023,Medición 2,COMPLETED,Supervisor de Andamios,5,Los tiempos de entrega del material,6,5,4,6,,,,,,7,7,7,N/A,N/A,7,,Sí,No,,Sí,No,,"Calidad del Producto,Capacidad Técnica para Desafíos Complejos,Servicio de Ingeniería",6,Calidad Soporte de ingeniería  Asesoría de proyectos,5,,Sí,2025-07,"Montaje industrial,Contratista industrial y minería,Planta minera",II Región de Antofagasta,6,7,5,5,N/A,5,7,4,5,5,4,N/A,5,4,N/A,,,,,,,,,,,,,,,,,,,,,,,,,,,,,,,,,,,,,,,,,,,,
M2-0067,Medición 2,COMPLETED,Oficina Técnica,6,,7,N/A,N/A,N/A,,,,,,N/A,N/A,N/A,N/A,N/A,N/A,,Sí,No,,Sí,No,,"Calidad del Producto,Seguridad de los Andamios,Servicio de Ingeniería",N/A,1 2 3,N/A,,No,2025-07,"Montaje industrial,Contratista industrial y minería,Constructoras e inmobiliarias edificación",III Región de Atacama,N/A,N/A,N/A,N/A,N/A,N/A,N/A,N/A,N/A,N/A,N/A,N/A,5,5,N/A,,,,,,,,,,,,,,,,,,,,,,,,,,,,,,,,,,,,,,,,,,,,
M2-0007,Medición 2,PARTIAL,Jefe de Terreno,6,"Presta buen servicio en asesoramiento, y equipos",6,6,4,6,,,,,,N/A,N/A,6,6,6,6,,Sí,No,,No,,,"Seguridad de los Andamios,Capacidad Técnica para Desafíos Complejos,Servicio técnico (Visitas e Inducciones)",,,,,,2025-07,Constructoras e inmobiliarias edificación,XIV Región de Los Ríos,6,6,6,6,6,6,7,6,6,5,5,6,6,7,6,,,,,,,,,,,,,,,,,,,,,,,,,,,,,,,,,,,,,,,,,,,,
M2-0001,Medición 2,COMPLETED,Jefe de Obra,7,Por la seguridad y la versatilidad del material y su resistencia y con la rapidez que el personal apoya a la obra,6,7,4,7,,,,,,7,7,7,7,7,7,,Sí,Sí,7,Sí,Sí,6,"Marca Reconocida en el Mercado,Calidad del Producto,Seguridad de los Andamios",7,"Seguridad, versatilidad y calidad",7,Lo único que las nuevas tecnologías lleguen a todos sus clientes,Sí,2025-07,Contratista industrial y minería,VI Región del Libertador General Bernardo O’Higgins,6,7,7,7,7,7,7,N/A,7,6,7,7,7,7,7,,,,,,,,,,,,,,,,,,,,,,,,,,,,,,,,,,,,,,,,,,,,
M2-0005,Medición 2,COMPLETED,Jefe de Terreno,7,"Calidad del producto, soporte y asesoría de calidad",7,7,7,7,,,,,,7,7,7,7,7,7,,Sí,Sí,5,Sí,Sí,5,"Seguridad de los Andamios,Cobertura y Stock Disponible,Capacidad Técnica para Desafíos Complejos",7,Calidad Soporte  Ingenieria,6,,No,2025-07,Montaje industrial,I Región de Tarapacá,7,7,6,7,7,7,7,7,7,7,7,7,7,7,N/A,,,,,,,,,,,,,,,,,,,,,,,,,,,,,,,,,,,,,,,,,,,,
M2-0009,Medición 2,COMPLETED,Administrador de Obra,6,,7,7,6,7,,,,,,7,7,7,7,7,7,,No,,,No,,,"Seguridad de los Andamios,Cobertura y Stock Disponible,Servicio de Ingeniería",7,Confiables Seguros Buena asistencia técnica,6,,No,2025-07,Constructoras e inmobiliarias edificación,X Región de Los Lagos,7,7,4,7,7,7,7,7,6,7,6,7,7,7,6,,,,,,,,,,,,,,,,,,,,,,,,,,,,,,,,,,,,,,,,,,,,
M2-0016,Medición 2,PARTIAL,Supervisor de Andamios,7,"Por la calidad, resistencia y variedad de su material la cual es muy fácil de manipular lo que hace que los trabajos se puedan ejecutar de una manera muy eficaz.",7,6,6,7,,,,,,,,,,,,,,,,,,,,,,,,,2025-07,"Montaje industrial,Contratista industrial y minería",VI Región del Libertador General Bernardo O’Higgins,6,5,N/A,6,N/A,6,7,7,6,7,7,N/A,7,7,,,,,,,,,,,,,,,,,,,,,,,,,,,,,,,,,,,,,,,,,,,,,
M2-0012,Medición 2,COMPLETED,Supervisor de Andamios,6,Son de muy buena calidad y fácil de montar,7,5,5,6,,,,,,5,5,6,6,6,6,,Sí,Sí,5,Sí,Sí,6,"Calidad del Producto,Seguridad de los Andamios,Capacidad Técnica para Desafíos Complejos",6,Seguridad calidad y facilidad de montar,5,Cuando se entregan  material a las faenas identificar las piezas malas antes para no tener problemas al hacer la devolución,Sí,2025-07,"Montaje industrial,Planta minera",V Región de Valparaíso,6,6,3,5,6,5,7,5,5,4,6,6,5,6,5,,,,,,,,,,,,,,,,,,,,,,,,,,,,,,,,,,,,,,,,,,,,
M2-0011,Medición 2,COMPLETED,Jefe de Terreno,7,"Producto de alta calidad y certificado , versatil",7,7,7,7,,,,,,7,7,7,7,7,7,,No,,,No,,,"Calidad del Producto,Certificación de Calidad,Seguridad de los Andamios",7,"calidad, seguridad , versatil",7,,Sí,2025-07,"Montaje industrial,Restauración",I Región de Tarapacá,7,7,N/A,7,N/A,7,7,7,N/A,7,7,N/A,7,7,N/A,,,,,,,,,,,,,,,,,,,,,,,,,,,,,,,,,,,,,,,,,,,,
M2-0061,Medición 2,COMPLETED,Otros (especifique) - ejecutiva de compras,6,,5,2,1,5,,,,,,N/A,N/A,N/A,N/A,N/A,N/A,,No,,,No,,,"Calidad del Producto,Certificación de Calidad,Seguridad de los Andamios",N/A,calidad y seguridad,6,,No,2025-07,Montaje industrial,II Región de Antofagasta,2,N/A,N/A,N/A,N/A,N/A,N/A,N/A,N/A,N/A,N/A,N/A,6,6,N/A,,,,,,,,,,,,,,,,,,,,,,,,,,,,,,,,,,,,,,,,,,,,
M2-0044,Medición 2,COMPLETED,Gerente de Proyecto,7,,7,7,7,7,,,,,,7,7,7,7,7,7,,Sí,Sí,7,No,,,"Calidad del Producto,Certificación de Calidad,Seguridad de los Andamios",7,servicio calidad seguridad,7,,Sí,2025-07,Eventos y espectáculos,RM Región Metropolitana de Santiago,7,7,N/A,7,N/A,N/A,7,7,7,7,7,N/A,7,7,N/A,,,,,,,,,,,,,,,,,,,,,,,,,,,,,,,,,,,,,,,,,,,,
M2-0058,Medición 2,COMPLETED,Administrador de Obra,7,"Son muy versátiles, durables , confiables  , y son reconocidos en el area Minera",7,7,6,6,,,,,,7,7,7,7,7,7,,No,,,No,,,"Marca Reconocida en el Mercado,Cobertura y Stock Disponible,Capacidad Técnica para Desafíos Complejos",7,"Seguridad, Versatilidad , Durabilidad",7,"En general , estoy muy conforme con los productos ScaffCo en toda aspecto , técnico, comercial y gestion",Sí,2025-07,"Montaje industrial,Infraestructura y concesionarias",II Región de Antofagasta,6,7,7,7,6,6,7,7,7,7,7,7,7,7,6,,,,,,,,,,,,,,,,,,,,,,,,,,,,,,,,,,,,,,,,,,,,
M2-0069,Medición 2,PARTIAL,Administrador de Obra,2,Tiempos de respuesta,4,1,1,5,,,,,,,,,,,,,,,,,,,,,,,,,2025-07,Contratista industrial y minería,RM Región Metropolitana de Santiago,1,6,N/A,N/A,N/A,N/A,,,,,,,,,,,,,,,,,,,,,,,,,,,,,,,,,,,,,,,,,,,,,,,,,,,,,
M2-0010,Medición 2,COMPLETED,Gerente de Proyecto,7,,7,7,7,7,,,,,,6,6,4,5,5,7,,Sí,No,,Sí,No,,"Marca Reconocida en el Mercado,Calidad del Producto,Seguridad de los Andamios",6,La calidad alemana,5,,Sí,2025-07,"Contratista industrial y minería,Contratista / instalador",IV Región de Coquimbo,7,6,7,7,5,6,7,5,7,7,5,4,5,7,7,,,,,,,,,,,,,,,,,,,,,,,,,,,,,,,,,,,,,,,,,,,,
M2-0006,Medición 2,COMPLETED,Otros (especifique) - JEFE DE PLANIFICACIÓN LOGISTICA,7,"rapidez y confianza, materiales justo  a tiempo cuando se solicitan.",7,7,7,7,,,,,,7,7,7,7,7,7,,Sí,Sí,7,No,,,"Certificación de Calidad,Cobertura y Stock Disponible,Capacidad Técnica para Desafíos Complejos",7,prestigio - confianza - atención personalizada.,7,,Sí,2025-07,"Montaje industrial,Contratista industrial y minería",II Región de Antofagasta,7,7,7,7,7,7,7,7,7,7,7,7,7,7,7,,,,,,,,,,,,,,,,,,,,,,,,,,,,,,,,,,,,,,,,,,,,
M2-0050,Medición 2,COMPLETED,Otros (especifique) - director,5,,7,6,6,7,,,,,,N/A,7,7,N/A,N/A,N/A,,Sí,No,,Sí,No,,"Certificación de Calidad,Seguridad de los Andamios,Cobertura y Stock Disponible",N/A,"calidad, seguridad y eficiencia",5,Costos de los equipos muy alto en comparación a otros sistemas de andamios certificados del mercado...,No,2025-07,Distribuidor,V Región de Valparaíso,6,7,7,7,7,7,7,2,7,6,7,6,7,7,7,,,,,,,,,,,,,,,,,,,,,,,,,,,,,,,,,,,,,,,,,,,,
M2-0066,Medición 2,COMPLETED,Otros (especifique) - COMEX,7,SON DE PRIMERA CALIDAD MUNDIAL,N/A,N/A,N/A,N/A,,,,,,N/A,N/A,N/A,N/A,N/A,N/A,,Sí,No,,Sí,No,,"Marca Reconocida en el Mercado,Certificación de Calidad,Capacidad Técnica para Desafíos Complejos",N/A,.,7,.,No,2025-07,"Montaje industrial,Contratista industrial y minería,Constructoras e inmobiliarias edificación,Infraestructura y concesionarias,Eventos y espectáculos,Restauración,Distribuidor,Montador de andamios,Municipalidades y servicios públicos",RM Región Metropolitana de Santiago,N/A,N/A,N/A,N/A,N/A,N/A,N/A,N/A,N/A,N/A,N/A,N/A,7,7,N/A,,,,,,,,,,,,,,,,,,,,,,,,,,,,,,,,,,,,,,,,,,,,
M2-0013,Medición 2,COMPLETED,Otros (especifique) - FORMULADOR Y EJECUTOR PROYECTO,6,"CALIDAD DE PRODUCTOS,ASESORÍA Y CAPACITACIÓN TÉCNICA, UNA EXCELENTE GESTIÓN DE TRANSPORTE Y ENTREGA PRODUCTOS",7,7,7,6,,,,,,7,4,7,6,5,7,,No,,,No,,,"Calidad del Producto,Certificación de Calidad,Capacidad Técnica para Desafíos Complejos",6,CALIDAD EFICIENCIA Y EFICACIA,6,"QUE LA ASISTENCIA DE POST VENTA DE INGENIERÍA, TENGA LA CAPACIDAD DE RESOLVER PROBLEMAS Y DAR SOLUCIONES EN TERRENO, Y NO GENERARLOS.",Sí,2025-07,Municipalidades y servicios públicos,I Región de Tarapacá,7,7,N/A,7,N/A,5,N/A,7,7,7,7,N/A,6,7,7,,,,,,,,,,,,,,,,,,,,,,,,,,,,,,,,,,,,,,,,,,,,
M2-0051,Medición 2,PARTIAL,Otros (especifique) - BIM Manager,7,"Metodología de montaje en obra, coordinado con la Implementación BIM",7,N/A,N/A,N/A,,,,,,,,,,,,,,,,,,,,,,,,,2025-07,Constructoras e inmobiliarias edificación,RM Región Metropolitana de Santiago,N/A,7,N/A,N/A,N/A,7,,,,,,,,,,,,,,,,,,,,,,,,,,,,,,,,,,,,,,,,,,,,,,,,,,,,,
M2-0041,Medición 2,COMPLETED,Administrador de Obra,7,"Buen servicio, stock y acompañamiento técnico.",7,7,7,6,,,,,,7,7,7,7,7,7,,No,,,No,,,"Seguridad de los Andamios,Cobertura y Stock Disponible,Servicio técnico (Visitas e Inducciones)",7,"DISEÑO TECNICO, SEGURIDAD, ASIST. TECNICA",7,,Sí,2025-07,Constructoras e inmobiliarias edificación,III Región de Atacama,7,7,4,7,7,7,7,7,7,7,7,7,7,7,7,,,,,,,,,,,,,,,,,,,,,,,,,,,,,,,,,,,,,,,,,,,,
M2-0029,Medición 2,COMPLETED,Supervisor de Andamios,7,Confiabilidad,6,6,6,6,,,,,,5,6,6,7,7,7,,Sí,Sí,6,No,,,"Marca Reconocida en el Mercado,Calidad del Producto,Servicio técnico (Visitas e Inducciones)",6,Prestigio  Reconocimiento  Multi propósito,5,,Sí,2025-07,Montador de andamios,III Región de Atacama,6,7,6,5,7,6,7,5,5,5,5,6,5,6,6,,,,,,,,,,,,,,,,,,,,,,,,,,,,,,,,,,,,,,,,,,,,
M2-0035,Medición 2,COMPLETED,Jefe de Bodega,7,La pronta respuestas a nuestros requerimientos,7,7,7,7,,,,,,3,3,3,3,3,3,,Sí,Sí,7,No,,,"Calidad del Producto,Certificación de Calidad,Seguridad de los Andamios",7,seguridad en el producto                                         stock disponible atención al cliente por parte de ejecutiva de ScaffCo Copiapó,7,los tiempos de espera cuando se va de una ciudad a otra son extensos,Sí,2025-07,"Contratista industrial y minería,Eventos y espectáculos,Montador de andamios,Planta minera,Planta energética",III Región de Atacama,7,7,7,7,7,7,7,7,7,7,7,7,7,7,7,,,,,,,,,,,,,,,,,,,,,,,,,,,,,,,,,,,,,,,,,,,,
M2-0055,Medición 2,COMPLETED,Administrador de Obra,7,"primero porque la empresa mandante solicita andamios tipo ScaffCo, segundo en la experiencia personal, encuentro que son mas livianos que otros, también son prácticos para ensamblar, con piezas especiales es mas amigable construir plataformas enviadizo o como extensiones laterales, en general razón precio calidad, es conveniente, quizás la mejora continua seria los tiempos de recepción y entrega del material.",7,6,5,6,,,,,,7,7,7,7,7,7,,No,,,No,,,"Marca Reconocida en el Mercado,Seguridad de los Andamios,Capacidad Técnica para Desafíos Complejos",6,Seguridad Eficiente Eficaz,6,"Solo como mejora continua recepción y despacho de material, mejorar tanto para recibir cuando el cliente solicita fecha de entrega y mejorar el tiempo de despacho, específicamente en ocasiones no estaban todas las piezas que se necesitan y se hacen dos despachos.",Sí,2025-07,"Contratista industrial y minería,Planta refinería",V Región de Valparaíso,6,6,6,6,5,6,7,6,6,6,6,6,6,7,7,,,,,,,,,,,,,,,,,,,,,,,,,,,,,,,,,,,,,,,,,,,,
M2-0003,Medición 2,COMPLETED,Jefe de Terreno,7,"Muy buena asesoría, flexibilidad, disposición , técnologia (3D)",7,6,6,6,,,,,,7,7,4,7,7,7,,Sí,No,,Sí,No,,"Capacidad Técnica para Desafíos Complejos,Servicio de Ingeniería,Servicio técnico (Visitas e Inducciones)",7,Flexibilidad,6,,Sí,2025-07,Montaje industrial,VI Región del Libertador General Bernardo O’Higgins,6,7,5,6,6,6,7,6,6,6,6,6,7,6,,,,,,,,,,,,,,,,,,,,,,,,,,,,,,,,,,,,,,,,,,,,,
M2-0054,Medición 2,COMPLETED,Otros (especifique) - Encargado de Logística y Control,3,Lentitud en respuestas de cotizaciones y fichas técnicas solicitadas.,4,4,1,1,,,,,,N/A,N/A,N/A,N/A,N/A,N/A,,No,,,No,,,"Marca Reconocida en el Mercado,Fabricación Alemana,Certificación de Calidad",1,Plataformas ZIFA,5,Área de venta de Antofagasta muy displicente para entrega de cotización y fechas técnicas. Tuvimos que llamar en reiteradas oportunidades e incluso llamar a Central Santiago para que nos apoyara con la información.,Sí,2025-07,"Montaje industrial,Contratista industrial y minería,Planta energética",II Región de Antofagasta,1,4,N/A,N/A,N/A,N/A,N/A,1,N/A,N/A,N/A,N/A,2,4,N/A,,,,,,,,,,,,,,,,,,,,,,,,,,,,,,,,,,,,,,,,,,,,
M2-0033,Medición 2,COMPLETED,Jefe de Bodega,7,transparencia seriedad profesionalismo,7,7,7,7,,,,,,7,7,7,7,7,7,,Sí,Sí,7,No,,,"Seguridad de los Andamios,Capacidad Técnica para Desafíos Complejos,Servicio de Ingeniería",7,"Seguridad, Calidad precio",7,Siempre eforcarse a seguir mejorando,Sí,2025-07,Constructoras e inmobiliarias edificación,VIII Región del Biobío,7,7,7,7,7,7,7,7,7,7,7,7,7,7,,,,,,,,,,,,,,,,,,,,,,,,,,,,,,,,,,,,,,,,,,,,,
M2-0010,Medición 2,COMPLETED,Administrador de Obra,7,calidad y servicio,7,7,7,6,,,,,,N/A,N/A,N/A,N/A,N/A,N/A,,Sí,Sí,7,No,,,"Calidad del Producto,Seguridad de los Andamios,Capacidad Técnica para Desafíos Complejos",7,"seguridad, calidad, prestigio",6,,No,2025-07,"Montaje industrial,Contratista industrial y minería,Planta minera",III Región de Atacama,7,7,7,7,7,7,7,7,7,7,7,7,7,7,7,,,,,,,,,,,,,,,,,,,,,,,,,,,,,,,,,,,,,,,,,,,,
M2-0040,Medición 2,COMPLETED,Gerente de Proyecto,7,"La excelente atención desde su Gerente hasta el portero que te recibe, ademas costo beneficio muy acorde al mercado en donde ¡restamos servicios.",7,7,7,7,,,,,,7,7,7,7,7,7,,Sí,No,,Sí,No,,"Calidad del Producto,Seguridad de los Andamios,Cobertura y Stock Disponible",7,profesionalismo calidad seguridad,7,La amabilidad del personal de la sucursal.,No,2025-07,Contratista industrial y minería,III Región de Atacama,7,7,N/A,7,7,7,7,7,7,7,7,7,7,7,7,,,,,,,,,,,,,,,,,,,,,,,,,,,,,,,,,,,,,,,,,,,,
M2-0032,Medición 2,COMPLETED,Jefe de Bodega,7,Excelente producto,7,7,7,7,,,,,,7,7,7,7,7,7,,Sí,Sí,7,Sí,Sí,7,"Certificación de Calidad,Cobertura y Stock Disponible,Servicio técnico (Visitas e Inducciones)",7,Calidad  seguridad  y confianza,7,,Sí,2025-07,Contratista industrial y minería,III Región de Atacama,7,7,7,7,7,7,7,7,7,7,7,7,7,7,7,,,,,,,,,,,,,,,,,,,,,,,,,,,,,,,,,,,,,,,,,,,,
M2-0035,Medición 2,COMPLETED,Jefe de Bodega,6,Por seguridad,2,3,4,2,,,,,,N/A,N/A,N/A,N/A,N/A,N/A,,Sí,No,,No,,,"Marca Reconocida en el Mercado,Certificación de Calidad,Seguridad de los Andamios",3,Reconocida Calidad Seguridad,3,,Sí,2025-07,"Montaje industrial,Constructoras e inmobiliarias edificación,Planta minera",RM Región Metropolitana de Santiago,3,2,3,2,3,3,2,3,3,3,3,3,3,3,N/A,,,,,,,,,,,,,,,,,,,,,,,,,,,,,,,,,,,,,,,,,,,,
M2-0014,Medición 2,COMPLETED,Administrador de Obra,6,Hay un buen servicio. Buenas herramientas de gestión. Pero cierta rigidez con factores de costos. En particular con el manejo de los irrecuperables. lo cual queda a total discreción de ScaffCo,7,6,5,7,,,,,,6,6,7,7,7,7,,Sí,No,,Sí,No,,"Marca Reconocida en el Mercado,Seguridad de los Andamios,Servicio de Ingeniería",5,"Servicio, Producto, Calidad",5,,No,2025-07,"Montaje industrial,Contratista industrial y minería,Planta minera,Planta energética,Planta refinería,Planta GNL",V Región de Valparaíso,6,5,3,4,7,5,7,5,6,5,4,7,6,6,6,,,,,,,,,,,,,,,,,,,,,,,,,,,,,,,,,,,,,,,,,,,,
M2-0003,Medición 2,COMPLETED,Otros (especifique) - Asesor,7,Muy buen servicio,7,7,7,7,,,,,,7,7,7,7,7,7,,No,,,No,,,"Seguridad de los Andamios,Capacidad Técnica para Desafíos Complejos,Servicio técnico (Visitas e Inducciones)",7,Confiable y dedicados al cliente,7,,No,2025-07,Planta energética,II Región de Antofagasta,7,7,7,7,7,7,7,7,7,7,7,7,7,7,7,,,,,,,,,,,,,,,,,,,,,,,,,,,,,,,,,,,,,,,,,,,,
M2-0018,Medición 2,COMPLETED,Administración / Finanzas,7,"Atencion, acompañamiento.",7,7,7,7,,,,,,7,7,7,7,7,7,,Sí,Sí,7,Sí,No,,"Certificación de Calidad,Servicio de Ingeniería,Servicio técnico (Visitas e Inducciones)",7,calidad atencion rapidez,7,,Sí,2025-07,"Montaje industrial,Contratista industrial y minería,Constructoras e inmobiliarias edificación,Infraestructura y concesionarias,Eventos y espectáculos",II Región de Antofagasta,7,7,7,7,7,7,7,5,7,7,7,7,7,7,7,,,,,,,,,,,,,,,,,,,,,,,,,,,,,,,,,,,,,,,,,,,,
M2-0021,Medición 2,COMPLETED,Jefe de Terreno,7,Muy buena atención al momento de explicar las soluciones en terreno y ofrecen muy buenas udeas.,7,7,6,7,,,,,,7,7,7,7,N/A,7,,No,,,No,,,"Seguridad de los Andamios,Servicio de Ingeniería,Servicio técnico (Visitas e Inducciones)",7,"Conocidos, recomendados, rapidez",7,Sin comentarios,No,2025-07,Constructoras e inmobiliarias edificación,RM Región Metropolitana de Santiago,7,7,4,7,7,7,7,7,7,7,7,7,6,6,6,,,,,,,,,,,,,,,,,,,,,,,,,,,,,,,,,,,,,,,,,,,,
M2-0007,Medición 2,COMPLETED,Administrador de Obra,7,calidad de los equipos,7,5,5,7,,,,,,N/A,N/A,N/A,N/A,N/A,N/A,,No,,,No,,,"Marca Reconocida en el Mercado,Certificación de Calidad,Servicio de Ingeniería",N/A,"calidad, confiabilidad, experiencia",7,,No,2025-07,Constructoras e inmobiliarias edificación,X Región de Los Lagos,6,7,N/A,N/A,N/A,N/A,N/A,N/A,N/A,N/A,N/A,N/A,7,7,N/A,,,,,,,,,,,,,,,,,,,,,,,,,,,,,,,,,,,,,,,,,,,,
M2-0039,Medición 2,COMPLETED,Supervisor de Andamios,7,Stock y calidad,7,7,5,5,,,,,,7,7,7,7,7,6,,Sí,Sí,6,No,,,"Fabricación Alemana,Certificación de Calidad,Servicio de Ingeniería",5,Ca li dad,6,No,No,2025-07,Montaje industrial,II Región de Antofagasta,6,6,3,7,7,7,7,7,7,7,7,7,6,7,6,,,,,,,,,,,,,,,,,,,,,,,,,,,,,,,,,,,,,,,,,,,,
M2-0036,Medición 2,COMPLETED,Jefe de Bodega,7,Excelente servicio.,7,7,7,7,,,,,,7,7,7,7,7,7,,Sí,Sí,7,No,,,"Cobertura y Stock Disponible,Servicio de Ingeniería,Servicio técnico (Visitas e Inducciones)",7,"Soporte continuo, disponibilidad de recursos, calidad del producto.",7,Todo Ok.,Sí,2025-07,"Montaje industrial,Contratista industrial y minería,Planta refinería,Planta GNL",VIII Región del Biobío,7,7,7,7,7,7,7,7,7,7,7,7,7,7,7,,,,,,,,,,,,,,,,,,,,,,,,,,,,,,,,,,,,,,,,,,,,
M2-0038,Medición 2,COMPLETED,Administrador de Obra,7,"Respuestas rapidas, buenas atencion y soluciones de acuerdo a nuestras necesidades.",7,7,6,7,,,,,,6,5,7,7,7,7,,Sí,Sí,7,No,,,"Calidad del Producto,Seguridad de los Andamios,Capacidad Técnica para Desafíos Complejos",6,"Seguridad, Calidad, Atencion.",7,,Sí,2025-07,Constructoras e inmobiliarias edificación,VIII Región del Biobío,7,6,7,6,4,7,7,6,6,6,6,4,6,7,7,,,,,,,,,,,,,,,,,,,,,,,,,,,,,,,,,,,,,,,,,,,,
M2-0023,Medición 2,COMPLETED,Otros (especifique) - HSE,7,La calidad del producto y de la asesoría en terreno,7,7,7,7,,,,,,7,7,7,7,7,7,,Sí,No,,Sí,No,,"Calidad del Producto,Capacidad Técnica para Desafíos Complejos,Servicio técnico (Visitas e Inducciones)",7,Calidad Atención Servicio,N/A,,Sí,2025-07,Montaje industrial,II Región de Antofagasta,7,7,N/A,N/A,N/A,7,7,7,N/A,7,N/A,N/A,7,7,N/A,,,,,,,,,,,,,,,,,,,,,,,,,,,,,,,,,,,,,,,,,,,,
M2-0020,Medición 2,COMPLETED,Otros (especifique) - Gerente General,7,Buen servicio,7,7,7,7,,,,,,7,7,7,7,7,7,,No,,,No,,,"Marca Reconocida en el Mercado,Certificación de Calidad,Cobertura y Stock Disponible",7,"Prestancia, rapidez y preocupacion por solucionar lo solicitado",7,,Sí,2025-07,Contratista industrial y minería,I Región de Tarapacá,7,7,7,7,6,7,7,7,7,7,7,7,7,7,7,,,,,,,,,,,,,,,,,,,,,,,,,,,,,,,,,,,,,,,,,,,,
M2-0018,Medición 2,COMPLETED,Jefe de otras áreas no listadas,7,POR LA VERSATILIDAD DE SU COMPONENTES,7,7,7,7,,,,,,7,7,7,7,7,7,,Sí,Sí,7,No,,,"Seguridad de los Andamios,Cobertura y Stock Disponible,Servicio técnico (Visitas e Inducciones)",7,"EFICIENCIA , CALIDAD Y RESPONSABILIDAD",7,,Sí,2025-07,Contratista industrial y minería,III Región de Atacama,7,7,4,7,6,7,7,7,7,7,7,7,7,7,6,,,,,,,,,,,,,,,,,,,,,,,,,,,,,,,,,,,,,,,,,,,,
M2-0029,Medición 2,COMPLETED,Jefe de Bodega,4,"Dado a que yo como jefa de bodega, despacho una cantidad y exiten demasiadas diferencias cuando recepciona ScaffCo, siempre en las cantidades en contra la obra, adicional a eso cuando mando excedentes que no están cargados en mi obra los informes de ScaffCo no lo menciona ni reconoce.",6,6,4,3,,,,,,6,6,6,6,6,6,,Sí,Sí,7,No,,,"Seguridad de los Andamios,Cobertura y Stock Disponible,Servicio de Ingeniería",6,"Calidad, disponibilidad, buena atención",6,"Apeló a los servicios operacionales al recepcionar el material, que se coherente con lo despachado.",Sí,2025-07,Constructoras e inmobiliarias edificación,XV Región de Arica y Parinacota,6,3,1,1,1,3,6,6,6,6,6,6,6,6,6,,,,,,,,,,,,,,,,,,,,,,,,,,,,,,,,,,,,,,,,,,,,
M2-0017,Medición 2,COMPLETED,Prevencionista de Riesgos,7,Asistencia y atención al cliente,7,7,7,7,,,,,,7,7,7,7,N/A,7,,Sí,No,,Sí,No,,"Calidad del Producto,Seguridad de los Andamios,Servicio técnico (Visitas e Inducciones)",7,Calidad Prestigio Seguridad,6,,No,2025-07,Constructoras e inmobiliarias edificación,VII Región del Maule,7,7,N/A,7,N/A,7,7,7,7,7,7,N/A,7,7,N/A,,,,,,,,,,,,,,,,,,,,,,,,,,,,,,,,,,,,,,,,,,,,
M2-0042,Medición 2,COMPLETED,Jefe de Bodega,5,el precio,6,6,6,6,,,,,,7,7,7,7,7,7,,Sí,Sí,6,No,,,"Marca Reconocida en el Mercado,Seguridad de los Andamios,Cobertura y Stock Disponible",6,"Andamio, calidad y precio",6,,No,2025-07,Constructoras e inmobiliarias edificación,RM Región Metropolitana de Santiago,6,7,3,6,6,7,7,7,7,7,7,7,6,6,1,,,,,,,,,,,,,,,,,,,,,,,,,,,,,,,,,,,,,,,,,,,,
M2-0032,Medición 2,COMPLETED,Gerente de Proyecto,7,,7,7,6,6,,,,,,7,7,7,7,5,7,,No,,,No,,,"Seguridad de los Andamios,Servicio de Ingeniería,Servicio técnico (Visitas e Inducciones)",6,Seguridad Calidad Confianza,6,Tener un foco más fuerte en la prevención de pérdidas durante el desarrollo de las obras,Sí,2025-07,"Constructoras e inmobiliarias edificación,Infraestructura y concesionarias",RM Región Metropolitana de Santiago,7,6,4,7,6,6,7,7,6,6,7,6,6,7,6,,,,,,,,,,,,,,,,,,,,,,,,,,,,,,,,,,,,,,,,,,,,
M2-0002,Medición 2,COMPLETED,Otros (especifique) - Superintendente  de Andamios,7,"Confiabilidad, Respaldo.",7,7,7,7,,,,,,7,7,7,7,7,7,,Sí,No,,Sí,No,,"Marca Reconocida en el Mercado,Calidad del Producto,Capacidad Técnica para Desafíos Complejos",7,"Calidad, Respaldo, Disponibilidad.",7,"Excelente producto, servicio integral impecable....",Sí,2025-07,Montaje industrial,II Región de Antofagasta,7,7,7,7,7,7,7,7,7,7,7,7,7,7,7,,,,,,,,,,,,,,,,,,,,,,,,,,,,,,,,,,,,,,,,,,,,
M2-0004,Medición 2,COMPLETED,Administrador de Obra,7,Son productos de fácil manejo y la empresa acompaña el proceso,7,7,7,7,,,,,,7,7,7,7,7,7,,No,,,No,,,"Calidad del Producto,Servicio de Ingeniería,Servicio técnico (Visitas e Inducciones)",7,"Diseño, facilidad de armado y servicio",7,No ninguna,Sí,2025-07,Planta energética,I Región de Tarapacá,7,7,N/A,6,N/A,7,7,7,7,7,7,6,7,7,7,,,,,,,,,,,,,,,,,,,,,,,,,,,,,,,,,,,,,,,,,,,,
M2-0015,Medición 2,COMPLETED,Otros (especifique) - Ingeniero de Estudio de Propuestas,7,Calidad,7,7,7,7,,,,,,N/A,N/A,7,7,7,7,,No,,,No,,,"Marca Reconocida en el Mercado,Certificación de Calidad,Seguridad de los Andamios",7,"Seguridad, calidad, confiables",6,Decirles que al menos el personal de venta que me ha tocado interactuar excelentes atenciones. Debieran entregar servicio de flete a los lugares requeridos porque ahora solo se retiran en sus bodegas y es incomodo para sus clientes.,Sí,2025-07,"Montaje industrial,Contratista industrial y minería,Montador de andamios,Planta minera,Planta energética,Planta refinería,Planta GNL,Municipalidades y servicios públicos",II Región de Antofagasta,7,6,N/A,N/A,N/A,6,7,7,7,7,7,N/A,7,7,7,,,,,,,,,,,,,,,,,,,,,,,,,,,,,,,,,,,,,,,,,,,,
M2-0019,Medición 2,PARTIAL,Oficina Técnica,5,,5,5,5,5,,,,,,,,,,,,,,,,,,,,,,,,,2025-07,Constructoras e inmobiliarias edificación,VII Región del Maule,5,3,4,6,5,4,5,5,5,5,5,5,6,6,,,,,,,,,,,,,,,,,,,,,,,,,,,,,,,,,,,,,,,,,,,,,
M2-0068,Medición 2,COMPLETED,Gerente de Proyecto,7,Buena calidad y servicio,6,6,5,6,,,,,,6,6,6,6,6,6,,Sí,No,,No,,,"Calidad del Producto,Seguridad de los Andamios,Cobertura y Stock Disponible",6,"Calidad, servicio y facilidad",6,,Sí,2025-07,Constructoras e inmobiliarias edificación,X Región de Los Lagos,6,7,6,7,6,6,6,6,6,6,6,6,6,6,6,,,,,,,,,,,,,,,,,,,,,,,,,,,,,,,,,,,,,,,,,,,,
M2-0024,Medición 2,COMPLETED,Oficina Técnica,7,,7,6,6,6,,,,,,6,6,6,6,6,7,,Sí,Sí,6,No,,,"Calidad del Producto,Seguridad de los Andamios,Servicio técnico (Visitas e Inducciones)",6,"Seguridad, calidad y versatilidad.",6,,Sí,2025-07,Contratista industrial y minería,II Región de Antofagasta,6,6,6,6,6,6,6,6,6,7,7,6,6,6,6,,,,,,,,,,,,,,,,,,,,,,,,,,,,,,,,,,,,,,,,,,,,
M2-0037,Medición 2,COMPLETED,Jefe de Bodega,7,la gestion,7,7,5,7,,,,,,6,6,6,6,6,6,,Sí,Sí,7,No,,,"Calidad del Producto,Certificación de Calidad,Seguridad de los Andamios",6,confianza seguridad gestión,6,,No,2025-07,Constructoras e inmobiliarias edificación,XI Región de Aysén del General Carlos Ibáñez del Campo,7,7,5,7,7,7,7,6,7,7,6,7,7,6,3,,,,,,,,,,,,,,,,,,,,,,,,,,,,,,,,,,,,,,,,,,,,
M2-0047,Medición 2,COMPLETED,Gerente de Proyecto,7,Por la calidad del material,7,1,7,7,,,,,,7,7,7,7,7,7,,No,,,No,,,"Fabricación Alemana,Calidad del Producto,Certificación de Calidad",7,Calidad simple liviano,5,Está un poco alto el precio del material,Sí,2025-07,Eventos y espectáculos,IV Región de Coquimbo,7,7,7,7,7,7,7,7,7,7,7,7,7,7,7,,,,,,,,,,,,,,,,,,,,,,,,,,,,,,,,,,,,,,,,,,,,
M2-0030,Medición 2,COMPLETED,Jefe de Bodega,7,"Prestigio, eficiencia y buen servicio es la mejor de las razones para trabajar con su empresa",7,7,7,7,,,,,,7,7,7,7,7,7,,Sí,Sí,7,No,,,"Certificación de Calidad,Cobertura y Stock Disponible,Servicio técnico (Visitas e Inducciones)",7,calida,7,,No,2025-07,Constructoras e inmobiliarias edificación,IX Región de La Araucanía,7,7,7,7,7,7,7,7,7,7,7,7,7,7,7,,,,,,,,,,,,,,,,,,,,,,,,,,,,,,,,,,,,,,,,,,,,
M2-0022,Medición 2,COMPLETED,Administrador de Obra,7,CALIDAD Y RESPALDO DEL PRODUCTO,7,7,7,7,,,,,,7,7,7,7,7,7,,Sí,No,,Sí,Sí,7,"Calidad del Producto,Certificación de Calidad,Seguridad de los Andamios",7,"PRESTIGIO, CALIDAD Y SEGURIDAD",7,,Sí,2025-07,"Montaje industrial,Contratista industrial y minería,Constructoras e inmobiliarias edificación,Infraestructura y concesionarias,Eventos y espectáculos,Restauración,Distribuidor,Planta energética,Municipalidades y servicios públicos",XIV Región de Los Ríos,7,7,7,7,7,7,7,7,7,7,7,7,7,7,7,,,,,,,,,,,,,,,,,,,,,,,,,,,,,,,,,,,,,,,,,,,,
M2-0019,Medición 2,PARTIAL,Otros (especifique) - Gerente de subcontratos y compras,6,Buena atención,7,7,7,7,,,,,,,,,,,,,,,,,,,,,,,,,2025-07,"Montaje industrial,Contratista industrial y minería",II Región de Antofagasta,7,7,7,7,7,7,7,7,7,7,7,7,7,7,,,,,,,,,,,,,,,,,,,,,,,,,,,,,,,,,,,,,,,,,,,,,
M2-0022,Medición 2,COMPLETED,Jefe de Bodega,7,La calidad de los andamios,7,6,6,6,,,,,,7,7,7,7,7,7,,Sí,Sí,2,No,,,"Calidad del Producto,Certificación de Calidad,Seguridad de los Andamios",6,"CALIDAD, COMPROMISO Y SEGURIDAD",7,,No,2025-07,Constructoras e inmobiliarias edificación,V Región de Valparaíso,6,6,2,6,6,6,7,7,7,7,7,7,7,7,7,,,,,,,,,,,,,,,,,,,,,,,,,,,,,,,,,,,,,,,,,,,,
M2-0039,Medición 2,COMPLETED,Jefe de Bodega,5,,2,4,2,7,,,,,,N/A,N/A,N/A,N/A,N/A,N/A,,Sí,Sí,7,No,,,"Calidad del Producto,Certificación de Calidad,Cobertura y Stock Disponible",4,Confiablidad del producto,5,,No,2025-07,"Constructoras e inmobiliarias edificación,Infraestructura y concesionarias",RM Región Metropolitana de Santiago,3,N/A,7,7,7,7,7,7,7,7,6,6,3,7,,,,,,,,,,,,,,,,,,,,,,,,,,,,,,,,,,,,,,,,,,,,,
M2-0021,Medición 2,COMPLETED,Otros (especifique) - Gerente Abastecimiento - Compras,7,Servicio a Cliente.,7,7,7,7,,,,,,6,6,6,6,6,6,,Sí,Sí,6,Sí,No,,"Cobertura y Stock Disponible,Capacidad Técnica para Desafíos Complejos,Servicio de Ingeniería",5,Innovación Estructuras Calidad,6,,Sí,2025-07,"Montaje industrial,Contratista industrial y minería,Planta minera",I Región de Tarapacá,7,7,7,7,7,7,7,7,7,7,7,7,6,6,6,,,,,,,,,,,,,,,,,,,,,,,,,,,,,,,,,,,,,,,,,,,,
M2-0045,Medición 2,COMPLETED,Jefe de Bodega,5,"Experiencias de despachos retrasados a pesar de ser programados con anticipación, eso sucedió en todos los proyectos que he participado",6,7,6,7,,,,,,6,6,6,6,6,6,,Sí,Sí,6,No,,,"Marca Reconocida en el Mercado,Seguridad de los Andamios,Cobertura y Stock Disponible",6,Reconocimiento  Stock,6,Mejorar los tiempos de despachos para no generar complicaciones extras en obra,Sí,2025-07,Constructoras e inmobiliarias edificación,VIII Región del Biobío,6,5,6,6,5,6,6,6,6,6,6,6,6,6,6,,,,,,,,,,,,,,,,,,,,,,,,,,,,,,,,,,,,,,,,,,,,
M2-0031,Medición 2,COMPLETED,Otros (especifique) - Coordinador General,7,,7,7,7,7,,,,,,7,7,7,7,7,7,,Sí,Sí,7,Sí,Sí,7,"Seguridad de los Andamios,Capacidad Técnica para Desafíos Complejos,Servicio técnico (Visitas e Inducciones)",7,La mejor,7,Lejos el mejor servicio  la asesoria tecnica es de primer nivel la region de antofagasta sobresale sin duda,Sí,2025-07,"Contratista industrial y minería,Constructoras e inmobiliarias edificación,Distribuidor,Montador de andamios,Contratista / instalador,Planta minera,Planta energética,Planta refinería",II Región de Antofagasta,7,7,7,7,7,7,7,7,7,7,7,7,7,7,7,,,,,,,,,,,,,,,,,,,,,,,,,,,,,,,,,,,,,,,,,,,,
M2-0030,Medición 2,COMPLETED,Administrador de Obra,7,Por el servicio integral,7,7,7,7,,,,,,7,7,7,7,7,7,,Sí,No,,No,,,"Seguridad de los Andamios,Capacidad Técnica para Desafíos Complejos,Servicio de Ingeniería",6,Seguridad Confianza Verstilidad,6,,Sí,2025-07,Contratista industrial y minería,III Región de Atacama,7,6,4,7,6,7,7,6,7,7,7,7,7,7,6,,,,,,,,,,,,,,,,,,,,,,,,,,,,,,,,,,,,,,,,,,,,
M2-0024,Medición 2,COMPLETED,Oficina Técnica,7,"El orden, rapidez, asesoría técnica, equipos en excelentes condiciones.",7,7,7,7,,,,,,7,7,7,7,7,7,,Sí,Sí,7,No,,,"Marca Reconocida en el Mercado,Certificación de Calidad,Servicio técnico (Visitas e Inducciones)",5,"Rapidez, orden, eficacia",7,Mayor atención con las verificaciones estructurales,No,2025-07,"Montaje industrial,Contratista industrial y minería",II Región de Antofagasta,7,7,7,7,7,7,7,7,7,7,7,7,7,7,7,,,,,,,,,,,,,,,,,,,,,,,,,,,,,,,,,,,,,,,,,,,,
M2-0062,Medición 2,COMPLETED,Administrador de Obra,5,"El apoyo a los servicios: Ingenieria, Control de bodega",6,6,6,6,,,,,,7,7,6,6,5,6,,Sí,No,,Sí,Sí,6,"Calidad del Producto,Capacidad Técnica para Desafíos Complejos,Servicio de Ingeniería",6,"Calidad, disponibilidad, Ingenieria",5,"He escuchado malos comentarios de sus técnicos con la competencia. No es necesario dada la calidad del producto Si se elije otro proveedor será por precio para el proyecto, no por la calidad, y porque a veces los presupuestos no están bien evaluados",Sí,2025-07,"Montaje industrial,Contratista industrial y minería,Constructoras e inmobiliarias edificación,Montador de andamios,Planta energética",II Región de Antofagasta,6,7,5,5,5,6,7,6,5,5,5,5,6,7,6,,,,,,,,,,,,,,,,,,,,,,,,,,,,,,,,,,,,,,,,,,,,
M2-0001,Medición 2,COMPLETED,Jefe de Bodega,7,Por que resuelven pronto cualquier problema,7,7,7,7,,,,,,7,7,7,7,7,7,,Sí,Sí,7,No,,,"Calidad del Producto,Seguridad de los Andamios,Cobertura y Stock Disponible",7,Seguridad  Confianza,6,,No,2025-07,Constructoras e inmobiliarias edificación,VIII Región del Biobío,7,7,7,7,7,7,7,7,7,7,7,7,7,7,7,,,,,,,,,,,,,,,,,,,,,,,,,,,,,,,,,,,,,,,,,,,,
M2-0009,Medición 2,PARTIAL,Supervisor de Andamios,,,,,,,,,,,,,,,,,,,,,,,,,,,,,,,2025-07,"Montaje industrial,Contratista industrial y minería",X Región de Los Lagos,,,,,,,,,,,,,,,,,,,,,,,,,,,,,,,,,,,,,,,,,,,,,,,,,,,,,,,,,,,
M2-0026,Medición 2,COMPLETED,Jefe de Bodega,6,Buen  servicio,6,6,6,6,,,,,,5,5,5,5,5,5,,No,,,No,,,"Marca Reconocida en el Mercado,Calidad del Producto,Seguridad de los Andamios",5,Cálidas,5,,No,2025-07,Constructoras e inmobiliarias edificación,VIII Región del Biobío,6,6,6,6,6,6,6,6,6,6,6,6,6,6,6,,,,,,,,,,,,,,,,,,,,,,,,,,,,,,,,,,,,,,,,,,,,
M2-0064,Medición 2,COMPLETED,Administrador de Obra,7,Certificación y rentabilidad,7,6,5,5,,,,,,5,6,6,6,6,7,,Sí,Sí,7,No,,,"Certificación de Calidad,Seguridad de los Andamios,Capacidad Técnica para Desafíos Complejos",6,Calidad Innovación  Certificación,6,Falta de stock de piezas de ajuste y accesorios,Sí,2025-07,Distribuidor,RM Región Metropolitana de Santiago,6,6,5,4,7,5,7,4,6,6,6,6,6,6,4,,,,,,,,,,,,,,,,,,,,,,,,,,,,,,,,,,,,,,,,,,,,
M2-0025,Medición 2,COMPLETED,Jefe de Obra,4,Falta de apoyo técnico,6,4,4,4,,,,,,4,2,2,5,5,5,,Sí,No,,No,,,"Marca Reconocida en el Mercado,Calidad del Producto,Seguridad de los Andamios",4,"Seguridad,  Calidad y Costo",4,Mejorar asesoría técnica en memorias cálculo,Sí,2025-07,Montaje industrial,II Región de Antofagasta,4,2,4,5,5,5,7,5,5,5,5,5,4,4,5,,,,,,,,,,,,,,,,,,,,,,,,,,,,,,,,,,,,,,,,,,,,
M2-0063,Medición 2,COMPLETED,Otros (especifique) - Gerente de Ingeniería,7,Confianza,7,7,7,7,,,,,,7,7,7,7,7,7,,Sí,Sí,7,No,,,"Calidad del Producto,Certificación de Calidad,Capacidad Técnica para Desafíos Complejos",7,"Seguridad, calidad y servicio",7,Es un muy buen servicio que sustenta a un buen producto,Sí,2025-07,Montaje industrial,IV Región de Coquimbo,7,7,7,7,7,7,7,7,N/A,N/A,7,7,7,7,N/A,,,,,,,,,,,,,,,,,,,,,,,,,,,,,,,,,,,,,,,,,,,,
M2-0006,Medición 2,COMPLETED,Administrador de Obra,6,"A favor buen servicio y disponibilidad de material. Mejorable, la entrega y recepción de productos",6,6,4,6,,,,,,7,7,6,7,7,7,,Sí,Sí,6,Sí,No,,"Seguridad de los Andamios,Capacidad Técnica para Desafíos Complejos,Servicio técnico (Visitas e Inducciones)",6,"Seguridad, Ingeniería, disponibilidad",6,,Sí,2025-07,"Montaje industrial,Contratista industrial y minería,Planta minera,Planta energética,Planta refinería,Planta GNL",V Región de Valparaíso,5,4,3,4,3,4,6,5,6,4,5,3,5,6,6,,,,,,,,,,,,,,,,,,,,,,,,,,,,,,,,,,,,,,,,,,,,
M2-0060,Medición 2,COMPLETED,Administración / Finanzas,7,SERVICIO RAPIDO Y EFICIENTE,7,7,7,7,,,,,,N/A,N/A,N/A,N/A,N/A,7,,Sí,Sí,7,No,,,"Marca Reconocida en el Mercado,Calidad del Producto,Cobertura y Stock Disponible",7,calidad seguridad servicio al cliente,7,,No,2025-07,"Montaje industrial,Contratista industrial y minería",III Región de Atacama,7,7,7,7,7,7,7,7,7,7,7,7,7,7,7,,,,,,,,,,,,,,,,,,,,,,,,,,,,,,,,,,,,,,,,,,,,
M2-0049,Medición 2,COMPLETED,Gerente de Proyecto,7,Buen servicio y postventa,7,7,6,7,,,,,,7,7,7,7,7,7,,No,,,No,,,"Calidad del Producto,Seguridad de los Andamios,Capacidad Técnica para Desafíos Complejos",6,"Calidad, Seguridad y apoyo",6,,Sí,2025-07,Planta minera,II Región de Antofagasta,7,6,6,6,5,6,7,7,7,6,6,4,6,7,7,,,,,,,,,,,,,,,,,,,,,,,,,,,,,,,,,,,,,,,,,,,,
M2-0037,Medición 2,COMPLETED,Prevencionista de Riesgos,7,,7,7,7,7,,,,,,7,7,7,7,7,7,,Sí,Sí,,No,,,"Marca Reconocida en el Mercado,Certificación de Calidad,Capacidad Técnica para Desafíos Complejos",7,"bueno, bonito barato",7,,No,2025-07,Constructoras e inmobiliarias edificación,RM Región Metropolitana de Santiago,7,7,7,7,7,7,7,7,7,7,7,7,7,7,7,,,,,,,,,,,,,,,,,,,,,,,,,,,,,,,,,,,,,,,,,,,,
M2-0017,Medición 2,COMPLETED,Administrador de Obra,7,Soporte técnico y calidad de su personal técnico,6,7,5,7,,,,,,7,7,7,7,7,7,,Sí,Sí,6,No,,,"Marca Reconocida en el Mercado,Seguridad de los Andamios,Servicio técnico (Visitas e Inducciones)",6,Soporte Rapidez  Prestigio,6,"Solo un detalle, muchas veces me respondieron muy rápido, pero a veces no la persona técnicamente adecuada si no en la tercera región le daban esta labor a una persona inadecuada.",Sí,2025-07,Contratista industrial y minería,III Región de Atacama,7,6,5,6,6,7,6,6,6,6,6,6,7,7,7,,,,,,,,,,,,,,,,,,,,,,,,,,,,,,,,,,,,,,,,,,,,
M2-0005,Medición 2,COMPLETED,Prevencionista de Riesgos,7,seguridad y eficiencia,6,7,6,7,,,,,,7,7,7,7,7,7,,Sí,No,,Sí,Sí,7,"Marca Reconocida en el Mercado,Certificación de Calidad,Servicio técnico (Visitas e Inducciones)",7,calidad seguridad eficacia,6,,Sí,2025-07,Constructoras e inmobiliarias edificación,RM Región Metropolitana de Santiago,7,7,6,6,7,7,7,7,7,7,7,7,7,7,7,,,,,,,,,,,,,,,,,,,,,,,,,,,,,,,,,,,,,,,,,,,,
M2-0036,Medición 2,COMPLETED,Gerente de Proyecto,7,Personal muy capacitado y atento a las inquietudes de los clientes,7,7,7,7,,,,,,7,7,7,7,7,7,,No,,,No,,,"Calidad del Producto,Capacidad Técnica para Desafíos Complejos,Servicio de Ingeniería",7,Excelente calidad tecnica,7,"Continuar con una buena atención a los clientes, ya sea que necesite arrendar un andamio o 100 andamios",Sí,2025-07,Contratista industrial y minería,II Región de Antofagasta,7,7,N/A,7,N/A,7,7,7,7,7,7,N/A,7,7,7,,,,,,,,,,,,,,,,,,,,,,,,,,,,,,,,,,,,,,,,,,,,
M2-0028,Medición 2,COMPLETED,Jefe de Terreno,7,Lo practico para armar el equipo,7,7,7,6,,,,,,6,6,6,6,6,7,,Sí,Sí,6,Sí,Sí,6,"Calidad del Producto,Seguridad de los Andamios,Cobertura y Stock Disponible",7,Solución practica,6,Sc,No,2025-07,Constructoras e inmobiliarias edificación,VIII Región del Biobío,6,6,5,6,6,6,7,6,6,6,6,5,6,6,7,,,,,,,,,,,,,,,,,,,,,,,,,,,,,,,,,,,,,,,,,,,,
M2-0034,Medición 2,COMPLETED,Jefe de Bodega,7,Disponibilidad y buen trato de trabajadores,7,7,7,7,,,,,,7,7,7,7,7,7,,Sí,Sí,7,No,,,"Calidad del Producto,Cobertura y Stock Disponible,Servicio técnico (Visitas e Inducciones)",7,Comunicación  Buenos Bacanes,7,,Sí,2025-07,Constructoras e inmobiliarias edificación,VIII Región del Biobío,7,7,7,7,7,7,7,7,7,7,7,7,7,7,7,,,,,,,,,,,,,,,,,,,,,,,,,,,,,,,,,,,,,,,,,,,,
M2-0008,Medición 2,COMPLETED,Oficina Técnica,6,"-Informacion incompleta al momento de contratar servicios, buena disposición por parte de asesor tecnico en obra.",6,4,6,4,,,,,,6,6,7,7,7,7,,Sí,No,,No,,,"Certificación de Calidad,Seguridad de los Andamios,Servicio técnico (Visitas e Inducciones)",5,-calidad. -confianza -certificacion.,6,Mayor respuesta en area comercial frente a dudas.,No,2025-07,Constructoras e inmobiliarias edificación,X Región de Los Lagos,5,5,N/A,7,N/A,5,7,7,7,7,N/A,N/A,6,6,3,,,,,,,,,,,,,,,,,,,,,,,,,,,,,,,,,,,,,,,,,,,,
M2-0027,Medición 2,PARTIAL,Oficina Técnica,7,"Excelente disponibilidad de productos. Notable calidad en los entregables de EDP, cotizacion, etc.",,,,,,,,,,,,,,,,,,,,,,,,,,,,,2025-07,"Contratista industrial y minería,Montador de andamios,Contratista / instalador,Planta minera",III Región de Atacama,,,,,,,,,,,,,,,,,,,,,,,,,,,,,,,,,,,,,,,,,,,,,,,,,,,,,,,,,,,
M2-0020,Medición 2,COMPLETED,Gerente de Proyecto,7,Muy buen servicio de atención al cliente y asistencia técnica,7,7,7,7,,,,,,7,7,7,7,7,7,,No,,,No,,,"Marca Reconocida en el Mercado,Capacidad Técnica para Desafíos Complejos,Servicio técnico (Visitas e Inducciones)",7,Confiable Seguro  Expedito,7,,Sí,2025-07,Contratista industrial y minería,III Región de Atacama,7,7,7,7,7,7,7,7,7,7,7,7,7,7,7,,,,,,,,,,,,,,,,,,,,,,,,,,,,,,,,,,,,,,,,,,,,
M2-0008,Medición 2,COMPLETED,Administrador de Obra,7,"He trabajado prácticamente con todas las empresas de rubro, y ScaffCo es la que presenta mejores atributos respecto, a calidad de servicio, tiempos de respuesta, y por sobre todo, es la única que hoy es capaz de acompañarnos en el proyecto mediante metodologia BIM, esto es sumamente relevante dada la evolución digital que están teniendo los proyectos.",7,7,7,7,,,,,,7,7,7,7,7,7,,Sí,No,,Sí,No,,"Calidad del Producto,Capacidad Técnica para Desafíos Complejos,Servicio técnico (Visitas e Inducciones)",7,"Calidad, Innovación, Servicio",7,,Sí,2025-07,Montaje industrial,V Región de Valparaíso,7,7,7,7,7,7,7,7,7,7,7,7,7,7,7,,,,,,,,,,,,,,,,,,,,,,,,,,,,,,,,,,,,,,,,,,,,
M2-0028,Medición 2,COMPLETED,Administrador de Obra,6,En general funcionan bien.,7,7,7,7,,,,,,6,6,5,5,6,7,,No,,,No,,,"Marca Reconocida en el Mercado,Seguridad de los Andamios,Servicio técnico (Visitas e Inducciones)",6,- Calidad - Seguridad - Respuesta,6,,Sí,2025-07,Montaje industrial,III Región de Atacama,7,6,4,5,6,6,7,5,5,5,5,6,6,6,6,,,,,,,,,,,,,,,,,,,,,,,,,,,,,,,,,,,,,,,,,,,,
M3-0049,Medición 3,COMPLETED,,7,Son equipos de calidad,,,,,,,,,,,,,,,,,,,,,,,"Marca Reconocida en el Mercado,Calidad del Producto,Cobertura y Stock Disponible",6,,6,,Sí,2026-01,,II Región de Antofagasta,,,,,,,,,,,,,,,,Jefe de Bodega,Contratista industrial y minería,Hace menos de 6 meses,7,6,6,6,6,6,6,7,7,5,5,6,6,6,N/A,N/A,N/A,N/A,N/A,N/A,6,No,,,,No,,,No,,,,No,,,,muy buena calidad,6,6,,Sí
M3-0001,Medición 3,COMPLETED,,6,,,,,,,,,,,,,,,,,,,No,,,,,"Marca Reconocida en el Mercado,Cobertura y Stock Disponible,Servicio técnico (Visitas e Inducciones)",7,,5,,No,2026-01,,VI Región del Libertador General Bernardo O’Higgins,,,,,,,,,,,,,,,,Administrador de Obra,Montaje industrial,Hace menos de 6 meses,6,6,6,6,6,6,6,7,6,7,7,4,6,7,7,7,6,7,6,7,7,Sí,Mi cargo no requiere interactuar con esta herramienta,,,No,,,Sí,No,"En realidad, no sé cómo resulto el proceso de evaluación del material en obra que se solicitó, está en proceso para el control de la existencia en Caletones.",,No,,,,marca calidad prestigio,6,6,Muy larga la encuesta,No
M3-0073,Medición 3,COMPLETED,,4,TIEMPOS DE ESPERA DEMASIADO LARGOS EN BODEGA PARA ENTREGA DE MATERIAL,,,,,,,,,,,,,,,,,,,,,,,"Marca Reconocida en el Mercado,Calidad del Producto,Seguridad de los Andamios",N/A,,5,,Sí,2026-01,,II Región de Antofagasta,,,,,,,,,,,,,,,,Otros (especifique) - ENCARGADO DE SUCURSAL,Distribuidor,Hace menos de 6 meses,5,4,4,4,N/A,N/A,4,5,3,5,4,N/A,N/A,4,N/A,N/A,N/A,N/A,N/A,N/A,5,No,,,,No,,,No,,,,No,,,,CALIDAD SEGURIDAD,4,6,"TIEMPOS DE ESPERA DEMASIADO LARGOS EN BODEGA PARA ENTREGA DE MATERIAL , HASTA 3 HORAS DE ESPERA PARA INGRESAR.",Sí
M3-0087,Medición 3,COMPLETED,,7,eficencia y calidad,,,,,,,,,,,,,,,,,,Sí,,,,,"Calidad del Producto,Certificación de Calidad,Seguridad de los Andamios",7,,7,,Sí,2026-01,,IV Región de Coquimbo,,,,,,,,,,,,,,,,Jefe de otras áreas no listadas,Constructoras e inmobiliarias edificación,Hace 6 meses o más,7,7,7,7,7,7,7,7,7,7,7,7,7,7,7,7,7,7,7,7,7,Sí,,7,,No,,,No,,,,No,,,,"EFICIENCIA , CALIDAD, GARANTIA",7,7,SIGAN ASI ! SON UNA EXCELENTE MARCA !,Sí
M3-0027,Medición 3,COMPLETED,,7,,,,,,,,,,,,,,,,,,,No,,,No,,"Calidad del Producto,Cobertura y Stock Disponible,Servicio técnico (Visitas e Inducciones)",7,,6,,Sí,2026-01,,II Región de Antofagasta,,,,,,,,,,,,,,,,Gerente de Proyecto,"Montaje industrial,Distribuidor",Hace menos de 6 meses,7,7,7,7,7,7,7,7,7,7,7,6,7,7,7,7,7,7,7,7,7,Sí,"No tengo credenciales de acceso,No he recibido la inducción necesaria para usarla",,,Sí,,No he recibido la inducción necesaria para usarla,Sí,No,No lo hemos necesitado aún.,,Sí,No,,Otros (especifique) - No lo hemos necesitado aún,"Seguridad, Calidad, Stock",7,7,,Sí
M3-0057,Medición 3,COMPLETED,,7,"Muy buen servicio, en especial las capacitaciones las cuales se pueden coordinar con facilidad y sin costo",,,,,,,,,,,,,,,,,,,,,Sí,,"Calidad del Producto,Seguridad de los Andamios,Servicio técnico (Visitas e Inducciones)",7,,7,,Sí,2026-01,,II Región de Antofagasta,,,,,,,,,,,,,,,,Gerente de Proyecto,"Montaje industrial,Planta minera",Hace menos de 6 meses,7,7,6,7,7,7,7,7,7,7,7,5,7,6,7,7,7,7,7,7,7,No,,,,Sí,7,,No,,,,No,,,,andamios capacitacion simple,7,7,,Sí
M3-0008,Medición 3,COMPLETED,,5,"la atencion al cliente es deficiente , las capacitaciones no son emplazadas  en el proyecto , y visitador de terreno no posee los conocimientos y no esta a la altura del proyecto",,,,,,,,,,,,,,,,,,,,,,,"Marca Reconocida en el Mercado,Calidad del Producto,Seguridad de los Andamios",5,,5,,Sí,2026-01,,I Región de Tarapacá,,,,,,,,,,,,,,,,Jefe de Terreno,Constructoras e inmobiliarias edificación,Hace menos de 6 meses,5,5,5,4,5,5,5,4,5,5,5,5,5,5,6,6,5,3,3,5,4,No,,,,No,,,No,,,,No,,,,duradero antiguo convencional,5,5,"las capacitaciones en terreno de los productos no están orientados a la realizad de cada uno de ellos , aplican sistema minero para todo y dejan de lado la realidad de edificación",No
M3-0056,Medición 3,COMPLETED,,6,por la calidad de los productos y servicio,,,,,,,,,,,,,,,,,,No,,,,,"Certificación de Calidad,Seguridad de los Andamios,Cobertura y Stock Disponible",6,,6,,Sí,2026-01,,VI Región del Libertador General Bernardo O’Higgins,,,,,,,,,,,,,,,,Otros (especifique) - administrativo de compras,"Montaje industrial,Contratista industrial y minería,Planta minera",Hace 6 meses o más,7,7,6,5,5,5,6,6,6,6,6,5,6,6,6,6,6,6,6,7,6,Sí,"No tengo credenciales de acceso,No he recibido la inducción necesaria para usarla",,,No,,,No,,,,No,,,,"Calidad, seguridad y asesoría",6,6,,Sí
M3-0109,Medición 3,COMPLETED,,7,Disponibilidad de Stock.,,,,,,,,,,,,,,,,,,Sí,,,,,"Fabricación Alemana,Calidad del Producto,Seguridad de los Andamios",7,,5,,Sí,2026-01,,RM Región Metropolitana de Santiago,,,,,,,,,,,,,,,,Otros (especifique) - ESPAC,Otros (especifique) - Sub Distribuidor,Hace menos de 6 meses,7,6,5,7,N/A,N/A,6,7,6,7,7,6,7,6,N/A,N/A,N/A,N/A,N/A,N/A,7,Sí,,7,Pesos en las Guías de cada despacho y recepción,No,,,No,,,,No,,,,"Calidad, rapidez y Seguridad",6,7,,Sí
M3-0007,Medición 3,COMPLETED,,7,"Buen servicio, buenos equipos",,,,,,,,,,,,,,,,,,Sí,,,,,"Calidad del Producto,Servicio de Ingeniería,Servicio técnico (Visitas e Inducciones)",7,,6,,No,2026-01,,RM Región Metropolitana de Santiago,,,,,,,,,,,,,,,,Jefe de Terreno,Constructoras e inmobiliarias edificación,Hace menos de 6 meses,7,7,6,7,7,6,6,7,6,7,7,7,6,6,7,6,6,7,7,7,7,Sí,,7,Mayor cantidad de horas para devolución.,No,,,No,,,,No,,,,"Seguridad, calidad y experiencia",6,6,Buen servicio.,No
M3-0096,Medición 3,COMPLETED,,7,Calidd,,,,,,,,,,,,,,,,,,No,,,No,,"Calidad del Producto,Certificación de Calidad,Seguridad de los Andamios",6,,6,,Sí,2026-01,,I Región de Tarapacá,,,,,,,,,,,,,,,,Otros (especifique) - Gerente tecnico,"Contratista industrial y minería,Constructoras e inmobiliarias edificación,Eventos y espectáculos,Restauración,Contratista / instalador,Planta energética,Planta GNL,Municipalidades y servicios públicos",Hace menos de 6 meses,7,7,6,7,7,7,7,7,6,7,7,6,7,6,6,6,6,6,6,7,6,Sí,"No tengo credenciales de acceso,No he recibido la inducción necesaria para usarla,Otros (especifique) - Lo compre hace 3 años y aun no me llegan las claves",,,Sí,,"No tengo credenciales de acceso,No he recibido la inducción necesaria para usarla",Sí,Sí,,7,Sí,No,,No he recibido la inducción necesaria para usarla,Seguridad calidad ingenieria,6,7,no,Sí
M3-0024,Medición 3,PARTIAL,,7,la buena disponibilidad del asesor técnico,,,,,,,,,,,,,,,,,,,,,Sí,,"Certificación de Calidad,Seguridad de los Andamios,Servicio técnico (Visitas e Inducciones)",7,,N/A,,,2026-01,,III Región de Atacama,,,,,,,,,,,,,,,,Administrador de Obra,Contratista industrial y minería,Hace 6 meses o más,7,7,7,7,7,7,7,7,7,7,7,7,7,7,7,7,7,7,7,7,7,No,,,,Sí,7,,No,,,,No,,,,"Prestigio, calidad, buen capital humano",7,7,Ninguna,
M3-0068,Medición 3,COMPLETED,,1,,,,,,,,,,,,,,,,,,,Sí,,,,,"Seguridad de los Andamios,Servicio de Ingeniería,Servicio técnico (Visitas e Inducciones)",2,,1,,Sí,2026-01,,VII Región del Maule,,,,,,,,,,,,,,,,Administrador de Obra,Constructoras e inmobiliarias edificación,Hace menos de 6 meses,1,1,1,1,1,1,1,1,1,1,1,1,1,1,1,1,1,1,1,1,1,Sí,,3,,No,,,No,,,,No,,,,a a a,1,1,,Sí
M3-0070,Medición 3,COMPLETED,,7,Buenos equipos y excelente atencion,,,,,,,,,,,,,,,,,,Sí,,,,,"Cobertura y Stock Disponible,Capacidad Técnica para Desafíos Complejos,Servicio técnico (Visitas e Inducciones)",6,,5,,Sí,2026-01,,II Región de Antofagasta,,,,,,,,,,,,,,,,Oficina Técnica,Contratista industrial y minería,Hace menos de 6 meses,6,6,5,5,6,5,7,6,6,6,5,6,6,6,6,6,6,6,6,6,6,Sí,,5,Nada.,No,,,No,,,,No,,,,"Atencion, suministro y equipos",6,6,No cambien,Sí
M3-0020,Medición 3,COMPLETED,,7,me responde y su gestion es eficaz,,,,,,,,,,,,,,,,,,Sí,,,,,"Calidad del Producto,Certificación de Calidad,Capacidad Técnica para Desafíos Complejos",7,,7,,No,2026-01,,X Región de Los Lagos,,,,,,,,,,,,,,,,Jefe de Bodega,Constructoras e inmobiliarias edificación,Hace menos de 6 meses,7,7,7,7,7,7,7,7,7,7,7,7,7,7,7,7,7,7,7,7,7,Sí,,7,nada,No,,,No,,,,No,,,,"calidad, rapidez, esta",7,7,ninguno,No
M3-0016,Medición 3,COMPLETED,,6,,,,,,,,,,,,,,,,,,,No,,,,,"Calidad del Producto,Capacidad Técnica para Desafíos Complejos,Servicio técnico (Visitas e Inducciones)",6,,6,,Sí,2026-01,,V Región de Valparaíso,,,,,,,,,,,,,,,,Oficina Técnica,Constructoras e inmobiliarias edificación,Hace menos de 6 meses,6,6,5,6,6,6,6,5,6,5,6,5,6,5,N/A,6,6,6,6,6,6,Sí,No he recibido la inducción necesaria para usarla,,,No,,,No,,,,No,,,,Calidad Compromiso Precio,6,6,,Sí
M3-0080,Medición 3,PARTIAL,,6,,,,,,,,,,,,,,,,,,,,,,,,,,,,,,2026-01,,V Región de Valparaíso,,,,,,,,,,,,,,,,Supervisor de Andamios,Planta refinería,Hace menos de 6 meses,,,,,,,,,,,,,,,,,,,,,,,,,,,,,,,,,,,,,,,,,
M3-0030,Medición 3,PARTIAL,,7,"buena atención, capacitaciones completas que interactuan con las perosnal, diseño.",,,,,,,,,,,,,,,,,,,,,,,,,,,,,2026-01,,RM Región Metropolitana de Santiago,,,,,,,,,,,,,,,,Jefe de Terreno,"Constructoras e inmobiliarias edificación,Restauración",Hace menos de 6 meses,7,7,7,7,7,6,7,,,,,,,,,,,,,,,,,,,,,,,,,,,,,,,,,,
M3-0111,Medición 3,COMPLETED,,7,,,,,,,,,,,,,,,,,,,No,,,Sí,,"Capacidad Técnica para Desafíos Complejos,Servicio de Ingeniería,Servicio técnico (Visitas e Inducciones)",3,,6,,Sí,2026-01,,I Región de Tarapacá,,,,,,,,,,,,,,,,Otros (especifique) - Supervisor Técnico,"Montaje industrial,Contratista industrial y minería,Constructoras e inmobiliarias edificación,Infraestructura y concesionarias,Eventos y espectáculos,Restauración,Distribuidor,Montador de andamios,Contratista / instalador,Planta minera,Planta energética,Planta refinería,Planta GNL,Planta forestal,Municipalidades y servicios públicos",Hace 6 meses o más,7,6,6,6,4,5,6,4,7,6,6,6,4,6,7,7,7,7,7,7,7,Sí,Mi cargo no requiere interactuar con esta herramienta,,,Sí,2,,Sí,No,Por falta de inducción,,Sí,Sí,6,,Seriedad,5,6,,Sí
M3-0105,Medición 3,PARTIAL,,5,Falta de información con empresas pymes o pequeñas empresas,,,,,,,,,,,,,,,,,,,,,,,"Marca Reconocida en el Mercado,Fabricación Alemana,Calidad del Producto",4,,5,,,2026-01,,II Región de Antofagasta,,,,,,,,,,,,,,,,Supervisor de Andamios,"Montaje industrial,Contratista industrial y minería,Distribuidor,Planta minera",Hace menos de 6 meses,4,3,3,4,7,N/A,4,7,4,5,5,N/A,N/A,4,N/A,5,6,N/A,N/A,5,4,No,,,,No,,,No,,,,No,,,,CALIDAD SEGURIDAD VERSATILIDAD,4,5,,
M3-0094,Medición 3,PARTIAL,,7,,,,,,,,,,,,,,,,,,,Sí,,,,,,,,,,,2026-01,,I Región de Tarapacá,,,,,,,,,,,,,,,,Administración / Finanzas,"Montaje industrial,Infraestructura y concesionarias",Hace menos de 6 meses,7,7,7,7,7,7,7,7,7,7,6,7,7,7,7,7,6,6,6,7,6,Sí,,6,I,No,,,,,,,,,,,,,,,
M3-0104,Medición 3,COMPLETED,,7,por la calidad de los materiales ScaffCo y cuentan con un gran equipo.,,,,,,,,,,,,,,,,,,,,,,,"Calidad del Producto,Certificación de Calidad,Servicio técnico (Visitas e Inducciones)",7,,7,,Sí,2026-01,,VIII Región del Biobío,,,,,,,,,,,,,,,,Jefe de Terreno,Montaje industrial,Hace menos de 6 meses,7,7,7,7,7,7,7,7,6,7,7,7,7,7,7,7,7,7,7,7,7,No,,,,No,,,Sí,Sí,,7,No,,,,1- calidad 2- asesores con capacidades  3- seguridad,7,7,- llamar a participar en mas capacitaciones a las empresas.,Sí
M3-0086,Medición 3,COMPLETED,,7,Su rapidez y compromisos con el cliente,,,,,,,,,,,,,,,,,,,,,,,"Calidad del Producto,Certificación de Calidad,Seguridad de los Andamios",7,,6,,Sí,2026-01,,RM Región Metropolitana de Santiago,,,,,,,,,,,,,,,,Jefe de Terreno,Constructoras e inmobiliarias edificación,Hace menos de 6 meses,7,7,7,7,7,7,7,7,7,7,7,7,6,6,7,7,7,7,7,7,7,No,,,,No,,,No,,,,No,,,,"Calidad, seguridad, compromiso",7,7,,Sí
M3-0042,Medición 3,COMPLETED,,4,"Fallas comunicacionales, problemas con modulación y piezas.",,,,,,,,,,,,,,,,,,Sí,,,,,"Calidad del Producto,Seguridad de los Andamios,Servicio técnico (Visitas e Inducciones)",4,,2,,Sí,2026-01,,VII Región del Maule,,,,,,,,,,,,,,,,Administrador de Obra,Constructoras e inmobiliarias edificación,Hace menos de 6 meses,4,3,4,3,2,2,3,3,2,5,3,1,4,2,3,4,3,2,4,4,3,Sí,,3,mejo diseño y claridad con el detalle de entrada y salidas.,No,,,No,,,,No,,,,servicio funcional pero no satisfactorio.,2,2,,Sí
M3-0053,Medición 3,COMPLETED,,7,Calidad y seguridad,,,,,,,,,,,,,,,,,,,,,,,"Marca Reconocida en el Mercado,Calidad del Producto,Seguridad de los Andamios",6,,7,,Sí,2026-01,,II Región de Antofagasta,,,,,,,,,,,,,,,,Gerente de Proyecto,Eventos y espectáculos,Hace menos de 6 meses,7,7,6,7,7,7,7,7,6,6,7,N/A,N/A,6,7,7,7,7,7,7,7,No,,,,No,,,No,,,,No,,,,"Calidad, seguridad y confianza",6,6,,Sí
M3-0029,Medición 3,PARTIAL,,,,,,,,,,,,,,,,,,,,,,,,,,,,,,,,2026-01,,RM Región Metropolitana de Santiago,,,,,,,,,,,,,,,,Administración / Finanzas,"Contratista industrial y minería,Constructoras e inmobiliarias edificación,Infraestructura y concesionarias,Montador de andamios",Hace menos de 6 meses,,,,,,,,,,,,,,,,,,,,,,,,,,,,,,,,,,,,,,,,,
M3-0101,Medición 3,COMPLETED,,6,Solo por los tiempos de devolución de los andamios,,,,,,,,,,,,,,,,,,,,,,,"Marca Reconocida en el Mercado,Certificación de Calidad,Seguridad de los Andamios",6,,6,,Sí,2026-01,,VIII Región del Biobío,,,,,,,,,,,,,,,,Administrador de Obra,Planta refinería,Hace menos de 6 meses,7,7,5,7,7,7,7,7,6,7,6,4,6,6,6,6,6,6,6,6,6,No,,,,No,,,No,,,,No,,,,Certificados Calidad  Seguridad,6,6,,Sí
M3-0127,Medición 3,COMPLETED,,7,El control de inventario,,,,,,,,,,,,,,,,,,Sí,,,No,,"Marca Reconocida en el Mercado,Cobertura y Stock Disponible,Servicio técnico (Visitas e Inducciones)",7,,7,,Sí,2026-01,,RM Región Metropolitana de Santiago,,,,,,,,,,,,,,,,Gerente de Proyecto,"Montaje industrial,Contratista industrial y minería,Montador de andamios,Contratista / instalador,Planta energética,Planta refinería",Hace menos de 6 meses,7,7,7,7,7,7,7,7,7,7,7,7,7,7,7,7,7,7,7,7,7,Sí,,7,Copia de las guías de despacho,Sí,,"Mi cargo no requiere interactuar con esta herramienta,No tengo credenciales de acceso,No he recibido la inducción necesaria para usarla,Otros (especifique) - No la hemos adquirido",Sí,No,"Montamos andamios complejos y con varias interferencias, no hacemos fachadas y armamos andamios perimetrales en estanques que no lo requiere",,No,,,,Prestigio Calidad Respaldo,7,7,Realizar capacitaciones y cursos certificados,Sí
M3-0017,Medición 3,COMPLETED,,7,"Los productos cumplen con los estándares establecidos, la atención del cliente es muy eficiente al igual que los plazos de despacho y entrega.",,,,,,,,,,,,,,,,,,,,,,,"Marca Reconocida en el Mercado,Calidad del Producto,Certificación de Calidad",7,,7,,No,2026-01,,RM Región Metropolitana de Santiago,,,,,,,,,,,,,,,,Administración / Finanzas,Planta minera,Hace menos de 6 meses,7,7,7,7,7,7,7,7,7,7,7,7,7,7,7,7,7,7,7,7,7,No,,,,No,,,No,,,,No,,,,"calidad, reconocimiento y eficiencia",7,7,,No
M3-0006,Medición 3,COMPLETED,,6,Confiables,,,,,,,,,,,,,,,,,,Sí,,,,,"Calidad del Producto,Seguridad de los Andamios,Servicio técnico (Visitas e Inducciones)",7,,7,,No,2026-01,,RM Región Metropolitana de Santiago,,,,,,,,,,,,,,,,Jefe de Bodega,Constructoras e inmobiliarias edificación,Hace menos de 6 meses,7,7,7,7,N/A,7,7,7,7,7,7,7,7,7,N/A,N/A,N/A,N/A,N/A,N/A,7,Sí,,7,Nada,No,,,No,,,,No,,,,Socio estratégico,7,7,Gracias,No
M3-0038,Medición 3,COMPLETED,,7,Son muy versátiles y flexibles para dar soluciones de accesibilidad en obras de montaje Electromecánico/industrial,,,,,,,,,,,,,,,,,,,,,,,"Calidad del Producto,Cobertura y Stock Disponible,Servicio de Ingeniería",7,,7,,Sí,2026-01,,III Región de Atacama,,,,,,,,,,,,,,,,Administrador de Obra,"Montaje industrial,Contratista industrial y minería,Infraestructura y concesionarias",Hace 6 meses o más,7,7,6,7,7,6,7,7,7,7,6,7,6,6,7,7,7,7,7,7,7,No,,,,No,,,No,,,,No,,,,Confiabilidad -Versatilidad -Calidad,7,7,Estoy muy satisfecho de los Productos ScaffCo,Sí
M3-0009,Medición 3,PARTIAL,,5,"Siempre tienen una solución, pero en ocasiones demorar en la respuesta",,,,,,,,,,,,,,,,,,,,,,,,,,,,,2026-01,,II Región de Antofagasta,,,,,,,,,,,,,,,,Oficina Técnica,Constructoras e inmobiliarias edificación,Hace 6 meses o más,5,5,3,5,6,6,5,4,5,5,5,5,5,5,,,,,,,,,,,,,,,,,,,,,,,,,,,
M3-0113,Medición 3,COMPLETED,,4,"Muy buen servicio para cotizar y plano inicial, pero muy lento para resolver los problemas en el montaje inicial",,,,,,,,,,,,,,,,,,No,,,,,"Calidad del Producto,Servicio de Ingeniería,Servicio técnico (Visitas e Inducciones)",4,,6,,Sí,2026-01,,RM Región Metropolitana de Santiago,,,,,,,,,,,,,,,,Administrador de Obra,Constructoras e inmobiliarias edificación,Hace menos de 6 meses,7,6,5,6,6,6,6,6,6,6,6,6,6,6,4,4,7,7,6,7,4,Sí,No tengo credenciales de acceso,,,No,,,No,,,,No,,,,Confianza Seguridad Costo/Calidad,4,6,"Algo pasa con el servicio de ingeniería, hemos tenido problemas al montaje inicial, que puede suceder, pero después de varias visitas e iteraciones para mejorar el diseño aún no se resuelve, cuestionándonos si la decisión de usar ScaffCo habrá sido la correcta.",Sí
M3-0004,Medición 3,COMPLETED,,5,buena atención y rápida respuesta,,,,,,,,,,,,,,,,,,Sí,,,Sí,,"Calidad del Producto,Seguridad de los Andamios,Cobertura y Stock Disponible",6,,6,,Sí,2026-01,,V Región de Valparaíso,,,,,,,,,,,,,,,,Jefe de Bodega,Constructoras e inmobiliarias edificación,Hace menos de 6 meses,6,6,6,6,6,6,6,6,6,6,6,6,6,6,6,6,6,6,6,6,6,Sí,,6,el historial de pedidos,Sí,6,,No,,,,No,,,,buen proveedor de servicios,6,6,exelente,Sí
M3-0039,Medición 3,COMPLETED,,6,Todo se puede mejorar,,,,,,,,,,,,,,,,,,,,,,,"Marca Reconocida en el Mercado,Seguridad de los Andamios,Capacidad Técnica para Desafíos Complejos",6,,6,,Sí,2026-01,,XV Región de Arica y Parinacota,,,,,,,,,,,,,,,,Administrador de Obra,Constructoras e inmobiliarias edificación,Hace menos de 6 meses,6,6,6,6,6,6,6,6,6,6,6,6,6,6,6,6,6,6,6,6,6,No,,,,No,,,No,,,,No,,,,Servicio Calidad Respuesta,6,6,Seguie trabajando por la excelencia,Sí
M3-0122,Medición 3,PARTIAL,,1,"Mal servicio, 0 cercanía, tiempo de reacción 1 mes para atender requerimientos urgentes legales, después de invertir en esta empresa durante 15 años dejan de prestar servicio",,,,,,,,,,,,,,,,,,,,,,,"Marca Reconocida en el Mercado,Calidad del Producto,Certificación de Calidad",1,,1,,,2026-01,,V Región de Valparaíso,,,,,,,,,,,,,,,,Otros (especifique) - Gerente General,Otros (especifique) - Alquilamos,Hace 6 meses o más,1,1,1,1,1,1,1,1,1,1,1,1,1,1,1,1,1,1,1,1,1,No,,,,No,,,No,,,,No,,,,"ScaffCo esta presente cuando quiere vender, después la atención es pésima",1,1,"Como empresa no volvería a invertir el ScaffCo  directo en chile, el servicio gerencial es pésimo",
M3-0026,Medición 3,COMPLETED,,5,,,,,,,,,,,,,,,,,,,No,,,,,"Marca Reconocida en el Mercado,Calidad del Producto,Seguridad de los Andamios",5,,4,,Sí,2026-01,,XI Región de Aysén del General Carlos Ibáñez del Campo,,,,,,,,,,,,,,,,Administrador de Obra,"Montaje industrial,Constructoras e inmobiliarias edificación",Hace menos de 6 meses,5,5,6,3,3,3,6,4,5,6,4,6,4,5,5,5,5,5,5,5,5,Sí,No tengo credenciales de acceso,,,No,,,No,,,,No,,,,Andamios,5,5,,Sí
M3-0051,Medición 3,COMPLETED,,2,"Pésimo seguimiento, solicitamos información para capacitaciones, nos vinieron a responder casi 3 meses después indicando ""te una solicitud de su requerimiento"" y 3 semanas mas en que me la responda. He trabajado en muchos proyectos pero es la primera vez que ScaffCo se hace de rogar tanto.",,,,,,,,,,,,,,,,,,,,,,,"Marca Reconocida en el Mercado,Calidad del Producto,Seguridad de los Andamios",1,,1,,Sí,2026-01,,RM Región Metropolitana de Santiago,,,,,,,,,,,,,,,,Prevencionista de Riesgos,"Montaje industrial,Contratista industrial y minería,Infraestructura y concesionarias,Montador de andamios,Planta energética",Hace 6 meses o más,1,1,1,1,1,1,1,1,1,1,1,1,1,1,1,1,1,1,1,1,1,No,,,,No,,,No,,,,No,,,,Eran muy buenos,1,1,"Mejorar el sistema de atención y seguimiento de requerimientos, si vas a pedir el contacto por correo lo mínimo que debes hacer es responderlo",Sí
M3-0050,Medición 3,PARTIAL,,6,ES UN SERVICIO CONFIABLE,,,,,,,,,,,,,,,,,,,,,,,,,,,,,2026-01,,III Región de Atacama,,,,,,,,,,,,,,,,Administrador de Obra,Montaje industrial,Hace menos de 6 meses,,,,,,,,,,,,,,,,,,,,,,,,,,,,,,,,,,,,,,,,,
M3-0040,Medición 3,PARTIAL,,1,"No pudimos usar su equipo, puesto a que sus vendedores nunca respondieron mis correos",,,,,,,,,,,,,,,,,,,,,,,"Calidad del Producto,Seguridad de los Andamios,Servicio técnico (Visitas e Inducciones)",1,,N/A,,,2026-01,,RM Región Metropolitana de Santiago,,,,,,,,,,,,,,,,Oficina Técnica,Constructoras e inmobiliarias edificación,Hace 6 meses o más,2,1,1,N/A,N/A,N/A,N/A,N/A,N/A,N/A,N/A,N/A,N/A,1,N/A,N/A,N/A,N/A,N/A,N/A,1,No,,,,No,,,No,,,,No,,,,a a a,1,4,,
M3-0023,Medición 3,COMPLETED,,7,Tecnologia y seguridad.,,,,,,,,,,,,,,,,,,No,,,,,"Calidad del Producto,Seguridad de los Andamios,Capacidad Técnica para Desafíos Complejos",7,,7,,Sí,2026-01,,VI Región del Libertador General Bernardo O’Higgins,,,,,,,,,,,,,,,,Prevencionista de Riesgos,Montaje industrial,Hace menos de 6 meses,7,7,7,7,7,7,7,7,7,7,7,7,7,7,7,7,7,7,7,7,7,Sí,No he recibido la inducción necesaria para usarla,,,No,,,No,,,,Sí,Sí,7,,Servicio de calidad,7,7,Seguir con las inducciones tecnologicas..,Sí
M3-0069,Medición 3,COMPLETED,,7,,,,,,,,,,,,,,,,,,,Sí,,,No,,"Calidad del Producto,Seguridad de los Andamios,Servicio técnico (Visitas e Inducciones)",6,,5,,Sí,2026-01,,II Región de Antofagasta,,,,,,,,,,,,,,,,Otros (especifique) - Gerente Servicios,"Montaje industrial,Contratista industrial y minería,Constructoras e inmobiliarias edificación",Hace menos de 6 meses,7,6,5,6,6,6,6,7,5,6,6,7,4,5,6,6,6,4,4,7,4,Sí,,5,"información actualizada de daños, informes de daños, informes de recepción.",Sí,,Mi cargo no requiere interactuar con esta herramienta,Sí,No,,,No,,,,"Calidad, responsabilidad, servicio",6,6,,Sí
M3-0082,Medición 3,COMPLETED,,5,precio,,,,,,,,,,,,,,,,,,No,,,No,,"Calidad del Producto,Certificación de Calidad,Cobertura y Stock Disponible",6,,5,,Sí,2026-01,,V Región de Valparaíso,,,,,,,,,,,,,,,,Otros (especifique) - director,Distribuidor,Hace 6 meses o más,7,6,6,7,7,7,6,7,6,7,7,7,7,7,7,7,7,7,7,7,7,Sí,Otros (especifique) - estamos bien sin la app,,,Sí,,Otros (especifique) - estamos bien así,Sí,No,no es necesario,,No,,,,"calidad, seguridad y resplado",7,6,"Precios muy altos de las piezas, los cierres con los clientes son un infierno... Algunos clientes nos están solicitando no trabajar con ScaffCo por los altos montos de cierres.",Sí
M3-0061,Medición 3,COMPLETED,,6,"No tiene un 7 para poder indicar algunas cosas que creo que deben mejorar, capacitación uso de su pagina web, poder descargar inventario con imágenes.",,,,,,,,,,,,,,,,,,Sí,,,,,"Calidad del Producto,Seguridad de los Andamios,Servicio técnico (Visitas e Inducciones)",6,,5,,Sí,2026-01,,X Región de Los Lagos,,,,,,,,,,,,,,,,Jefe de Terreno,Constructoras e inmobiliarias edificación,Hace menos de 6 meses,7,7,5,6,7,N/A,N/A,7,7,7,6,5,6,6,7,7,7,7,7,7,7,Sí,,5,"Es muy bajo el conocimiento de esta pagina, falta difusión para los bodegueros, terreno y administradores, también seria de ayuda poder bajar archivos de material en oba con imagen para ayuda de inventario",No,,,No,,,,No,,,,"Calidad, seguridad y capacitación. Ayuda mucho también con la ingeriría y no quería dejarla afuera",6,7,,Sí
M3-0110,Medición 3,COMPLETED,,7,"En mi proyecto, siempre tuve la asistencia técnica comercial a lo requerimientos de las instalaciones ScaffCo",,,,,,,,,,,,,,,,,,,,,No,,"Certificación de Calidad,Capacidad Técnica para Desafíos Complejos,Servicio de Ingeniería",5,,5,,Sí,2026-01,,I Región de Tarapacá,,,,,,,,,,,,,,,,Otros (especifique) - Formulador Proyecto,Municipalidades y servicios públicos,Hace 6 meses o más,6,6,5,5,7,7,6,7,6,6,7,N/A,6,6,5,5,7,7,6,6,6,No,,,,Sí,,"No tengo credenciales de acceso,No he recibido la inducción necesaria para usarla",Sí,No,No tengo inducción al respecto,,No,,,,Calidad y Eficiencia,6,6,No ninguno,Sí
M3-0102,Medición 3,COMPLETED,,7,La calidad de los productos y la atención,,,,,,,,,,,,,,,,,,Sí,,,,,"Calidad del Producto,Cobertura y Stock Disponible,Servicio técnico (Visitas e Inducciones)",7,,N/A,,Sí,2026-01,,RM Región Metropolitana de Santiago,,,,,,,,,,,,,,,,Jefe de Bodega,Constructoras e inmobiliarias edificación,Hace menos de 6 meses,7,7,7,7,N/A,7,7,7,7,7,7,7,7,7,N/A,N/A,N/A,N/A,N/A,N/A,6,Sí,,7,Nada por el momento,No,,,No,,,,No,,,,Calidad Servicio Disponibilidad,7,7,Nada por el momento,Sí
M3-0098,Medición 3,COMPLETED,,5,dan un servicio completo con los especialistas en terreno,,,,,,,,,,,,,,,,,,Sí,,,,,"Seguridad de los Andamios,Servicio de Ingeniería,Servicio técnico (Visitas e Inducciones)",4,,5,,Sí,2026-01,,XIV Región de Los Ríos,,,,,,,,,,,,,,,,Administrador de Obra,Montador de andamios,Hace menos de 6 meses,6,6,5,5,6,5,5,5,5,5,5,4,6,5,5,5,6,6,6,7,6,Sí,,4,,No,,,No,,,,No,,,,"seguridad, responsabilidad, moderno",5,5,"entregar material de apoyo en las visitas a los proyectos, ya que la mayoria de los maestros de andamio no tiene informacion escrita sobre las caracteristica de los materiales ScaffCo",Sí
M3-0003,Medición 3,PARTIAL,,7,"Lo recomendaría por la calidad y seguridad del equipo, varias alternativas para solucionar problemas.",,,,,,,,,,,,,,,,,,No,,,No,,,,,,,,2026-01,,II Región de Antofagasta,,,,,,,,,,,,,,,,Administración / Finanzas,"Montaje industrial,Contratista industrial y minería,Restauración,Montador de andamios,Contratista / instalador,Planta minera,Planta energética,Planta GNL",Hace 6 meses o más,6,6,5,5,5,7,7,7,7,7,7,4,7,7,7,7,7,6,6,5,6,Sí,"Otros (especifique) - no se a utilizado ya que la atencion comercial personal, ha cubierto dudas",,,Sí,,Mi cargo no requiere interactuar con esta herramienta,Sí,Sí,,7,Sí,Sí,7,,,,,,
M3-0126,Medición 3,COMPLETED,,7,"confianza en el equipo, respuesta del departamento de ventas y depto. técnico. buena gestión empresarial",,,,,,,,,,,,,,,,,,Sí,,,,,"Calidad del Producto,Seguridad de los Andamios,Capacidad Técnica para Desafíos Complejos",7,,7,,Sí,2026-01,,IX Región de La Araucanía,,,,,,,,,,,,,,,,Prevencionista de Riesgos,Constructoras e inmobiliarias edificación,Hace menos de 6 meses,7,7,5,7,7,7,7,7,7,7,7,7,7,7,7,7,7,7,7,7,7,Sí,,5,la velocidad de carga de la información y velocidad de actualización de la información sobre material en obra y devoluciones,No,,,No,,,,No,,,,"confianza, durabilidad y ligero",7,7,,Sí
M3-0074,Medición 3,COMPLETED,,7,Principalmente por la atención y el apoyo en buscar soluciones a las distinta necesidades que se nos han presentado en las distintas obras.,,,,,,,,,,,,,,,,,,Sí,,,Sí,,"Calidad del Producto,Seguridad de los Andamios,Cobertura y Stock Disponible",7,,7,,Sí,2026-01,,II Región de Antofagasta,,,,,,,,,,,,,,,,Jefe de Terreno,Montaje industrial,Hace menos de 6 meses,7,7,7,7,7,7,7,7,7,7,7,7,7,7,7,7,7,7,7,7,7,Sí,,7,,Sí,7,,No,,,,No,,,,"CALIDA, SEGURIDAD Y SOLUCIONES",7,7,En general y en lo personal considero que son un gran aporte a todo tipo de proyectos.,Sí
M3-0058,Medición 3,PARTIAL,,7,versatilidad y cofiabilidad,,,,,,,,,,,,,,,,,,Sí,,,,,"Calidad del Producto,Capacidad Técnica para Desafíos Complejos,Servicio de Ingeniería",,,,,,2026-01,,III Región de Atacama,,,,,,,,,,,,,,,,Otros (especifique) - jefe area andamios,"Montaje industrial,Planta minera",Hace menos de 6 meses,6,6,6,5,7,6,6,6,5,6,6,6,6,5,5,6,5,7,7,7,6,Sí,,6,,No,,,No,,,,No,,,,,,,,
M3-0010,Medición 3,COMPLETED,,5,,,,,,,,,,,,,,,,,,,,,,,,"Calidad del Producto,Seguridad de los Andamios,Servicio de Ingeniería",4,,N/A,,No,2026-01,,RM Región Metropolitana de Santiago,,,,,,,,,,,,,,,,Otros (especifique) - Oficina Estudios,Constructoras e inmobiliarias edificación,Hace menos de 6 meses,N/A,4,3,3,6,N/A,N/A,N/A,N/A,N/A,N/A,N/A,N/A,6,6,5,5,N/A,N/A,N/A,5,No,,,,No,,,No,,,,No,,,,Andamios Importación Alemania,4,4,,No
M3-0089,Medición 3,COMPLETED,,6,"Falta mejorar acercamiento entre comercial y obra, una vez cerrado el trato de arriendo persivo un distanciamiento",,,,,,,,,,,,,,,,,,Sí,,,,,"Calidad del Producto,Seguridad de los Andamios,Capacidad Técnica para Desafíos Complejos",5,,6,,Sí,2026-01,,VIII Región del Biobío,,,,,,,,,,,,,,,,Jefe de Terreno,Constructoras e inmobiliarias edificación,Hace menos de 6 meses,6,6,5,5,7,6,5,7,5,6,6,3,5,5,5,6,6,6,6,6,6,Sí,,6,,No,,,No,,,,Sí,Sí,6,,Muy buen equipo,6,6,Dar un mayor seguimiento en obra por parte del comercial.,Sí
M3-0103,Medición 3,PARTIAL,,7,"Buena atención alcliente, comunicacion activa, personal calificado",,,,,,,,,,,,,,,,,,,,,,,"Calidad del Producto,Capacidad Técnica para Desafíos Complejos,Servicio de Ingeniería",7,,7,,,2026-01,,II Región de Antofagasta,,,,,,,,,,,,,,,,Oficina Técnica,Contratista industrial y minería,Hace menos de 6 meses,7,7,5,7,6,7,7,7,7,7,7,7,7,6,7,7,N/A,N/A,N/A,N/A,7,No,,,,No,,,No,,,,No,,,,"Calidad, confianza, amabilidad",7,7,,
M3-0034,Medición 3,COMPLETED,,3,"Trabas economicas, siendo cliente",,,,,,,,,,,,,,,,,,,,,,,"Marca Reconocida en el Mercado,Certificación de Calidad,Servicio de Ingeniería",4,,5,,Sí,2026-01,,RM Región Metropolitana de Santiago,,,,,,,,,,,,,,,,Gerente de Proyecto,Constructoras e inmobiliarias edificación,Hace menos de 6 meses,7,1,6,6,6,6,5,7,7,7,7,7,7,6,7,7,7,7,7,7,7,No,,,,No,,,No,,,,No,,,,calidad confianza certficacion,3,6,lo requisitos y reevaluaciones comerciales estan demas,Sí
M3-0036,Medición 3,COMPLETED,,5,,,,,,,,,,,,,,,,,,,,,,,,"Marca Reconocida en el Mercado,Fabricación Alemana,Seguridad de los Andamios",5,,5,,Sí,2026-01,,RM Región Metropolitana de Santiago,,,,,,,,,,,,,,,,Administrador de Obra,Constructoras e inmobiliarias edificación,Hace menos de 6 meses,5,5,5,6,7,5,5,6,5,6,5,5,5,6,5,5,5,5,6,5,5,No,,,,No,,,No,,,,No,,,,Equipos de calidad y reconocido en el mercado,6,6,Siempre tenemos problemas con los cierres finales de obra,Sí
M3-0084,Medición 3,COMPLETED,,6,"La demora en la entrega de insumos, entiendo sus tiempos pero demoran más que otros proveedores .",,,,,,,,,,,,,,,,,,,,,,,"Calidad del Producto,Certificación de Calidad,Cobertura y Stock Disponible",6,,6,,Sí,2026-01,,III Región de Atacama,,,,,,,,,,,,,,,,Jefe de Bodega,Contratista industrial y minería,Hace 6 meses o más,6,6,6,6,6,N/A,6,7,5,7,N/A,N/A,N/A,6,N/A,N/A,N/A,N/A,N/A,N/A,6,No,,,,No,,,No,,,,No,,,,Calidad - Confianza,6,6,No,Sí
M3-0011,Medición 3,PARTIAL,,7,.,,,,,,,,,,,,,,,,,,,,,,,,,,,,,2026-01,,RM Región Metropolitana de Santiago,,,,,,,,,,,,,,,,Prevencionista de Riesgos,Constructoras e inmobiliarias edificación,Hace menos de 6 meses,7,7,7,7,7,N/A,7,,,,,,,,,,,,,,,,,,,,,,,,,,,,,,,,,,
M3-0046,Medición 3,COMPLETED,,1,"La principal razón de la nota anterior y de que este haciendo esta encuesta es el pésimo servicio de cotizacion que me ofreció la empresa ScaffCo en los meses anteriores. En pocas palabras: Solicite una cotizacion, tomaron semanas diciendo que me la enviarían y nunca cumplieron. Mientras otros proveedores me tuvieron la cotizacion el mismo día que las solicite.",,,,,,,,,,,,,,,,,,,,,,,"Marca Reconocida en el Mercado,Certificación de Calidad,Seguridad de los Andamios",1,,N/A,,Sí,2026-01,,VI Región del Libertador General Bernardo O’Higgins,,,,,,,,,,,,,,,,Oficina Técnica,Contratista industrial y minería,Hace menos de 6 meses,5,1,1,1,N/A,N/A,1,N/A,N/A,N/A,N/A,N/A,1,1,N/A,N/A,N/A,N/A,N/A,N/A,3,No,,,,No,,,No,,,,No,,,,No mandan cotizaciones,1,1,"Lo mismo que dije anteriormente: La principal razón de la nota anterior y de que este haciendo esta encuesta es el pésimo servicio de cotizacion que me ofreció la empresa ScaffCo en los meses anteriores. En pocas palabras: Solicite una cotizacion, tomaron semanas diciendo que me la enviarían y nunca cumplieron. Mientras otros proveedores me tuvieron la cotizacion el mismo día que las solicite.",Sí
M3-0071,Medición 3,COMPLETED,,5,Horarios de devolución y criterios de cobro de daños,,,,,,,,,,,,,,,,,,,,,,,"Marca Reconocida en el Mercado,Calidad del Producto,Cobertura y Stock Disponible",6,,5,,Sí,2026-01,,VIII Región del Biobío,,,,,,,,,,,,,,,,Gerente de Proyecto,"Montaje industrial,Contratista industrial y minería",Hace 6 meses o más,7,7,6,6,6,6,7,5,6,6,6,4,5,5,6,N/A,N/A,N/A,N/A,N/A,5,No,,,,No,,,No,,,,No,,,,Trayectoria - andamios - Alemania,6,6,,Sí
M3-0015,Medición 3,COMPLETED,,6,por calidad de los andamios,,,,,,,,,,,,,,,,,,Sí,,,,,"Certificación de Calidad,Seguridad de los Andamios,Cobertura y Stock Disponible",6,,6,,Sí,2026-01,,VI Región del Libertador General Bernardo O’Higgins,,,,,,,,,,,,,,,,Jefe de Bodega,Planta minera,Hace menos de 6 meses,6,6,4,5,N/A,N/A,6,7,6,7,6,6,N/A,6,N/A,N/A,N/A,N/A,N/A,N/A,5,Sí,,6,nada,No,,,No,,,,No,,,,"calidad , buen servicio y",6,7,,No
M3-0013,Medición 3,COMPLETED,,5,,,,,,,,,,,,,,,,,,,Sí,,,,,"Seguridad de los Andamios,Cobertura y Stock Disponible,Capacidad Técnica para Desafíos Complejos",6,,6,,No,2026-01,,V Región de Valparaíso,,,,,,,,,,,,,,,,Oficina Técnica,Constructoras e inmobiliarias edificación,Hace menos de 6 meses,7,7,7,7,7,7,7,5,7,6,6,7,6,6,7,7,7,7,7,7,6,Sí,,6,,No,,,No,,,,No,,,,CALIDAD BUEN SERVICIO SEGURIDAD,6,6,,No
M3-0095,Medición 3,PARTIAL,,7,LOS ANDAMIOS LLEGAN EN BUEN ESTADO Y LIMPIOS,,,,,,,,,,,,,,,,,,,,,,,,,,,,,2026-01,,XII Región de Magallanes y de la Antártica Chilena,,,,,,,,,,,,,,,,Oficina Técnica,Constructoras e inmobiliarias edificación,Hace menos de 6 meses,5,4,3,6,6,7,5,7,6,7,6,6,6,6,,,,,,,,,,,,,,,,,,,,,,,,,,,
M3-0021,Medición 3,COMPLETED,,5,"Mi actividad es 100% administrativa para el tema de las capacitaciones. No pertenezco al área operativa, sin embrago desde el punto de vista de las gestiones para lo correspondiente a las capacitaciones teóricas y prácticas, los recomendaría.",,,,,,,,,,,,,,,,,,,,,Sí,,"Marca Reconocida en el Mercado,Certificación de Calidad,Servicio técnico (Visitas e Inducciones)",6,,6,,Sí,2026-01,,II Región de Antofagasta,,,,,,,,,,,,,,,,Otros (especifique) - CAPACITACION,"Montaje industrial,Contratista industrial y minería,Eventos y espectáculos",Hace menos de 6 meses,6,6,6,6,6,6,6,6,6,6,6,6,6,7,6,6,6,6,6,6,7,No,,,,Sí,6,,No,,,,No,,,,Servicio  Atencion  Calidad,6,6,Debe mejorar el sistema CapScaff. Ha presentado algunas fallas.,Sí
M3-0099,Medición 3,PARTIAL,,,,,,,,,,,,,,,,,,,,,,,,,,,,,,,,2026-01,,II Región de Antofagasta,,,,,,,,,,,,,,,,Gerente de Proyecto,"Montaje industrial,Contratista industrial y minería",Hace menos de 6 meses,,,,,,,,,,,,,,,,,,,,,,,,,,,,,,,,,,,,,,,,,
M3-0088,Medición 3,COMPLETED,,7,trabajo profesional y asesoramiento técnico,,,,,,,,,,,,,,,,,,,,,,,"Calidad del Producto,Certificación de Calidad,Servicio de Ingeniería",7,,7,,Sí,2026-01,,RM Región Metropolitana de Santiago,,,,,,,,,,,,,,,,Otros (especifique) - Jefe de Operaciones,"Montaje industrial,Constructoras e inmobiliarias edificación,Contratista / instalador",Hace menos de 6 meses,7,7,7,7,7,7,7,7,7,7,7,2,2,6,7,7,7,7,7,7,7,No,,,,No,,,No,,,,No,,,,"eficiencia, valor, confiamza",7,7,,Sí
M3-0065,Medición 3,COMPLETED,,7,,,,,,,,,,,,,,,,,,,Sí,,,,,"Marca Reconocida en el Mercado,Calidad del Producto,Cobertura y Stock Disponible",6,,6,,Sí,2026-01,,II Región de Antofagasta,,,,,,,,,,,,,,,,Gerente de Proyecto,"Montaje industrial,Contratista industrial y minería",Hace menos de 6 meses,7,5,5,5,7,7,6,6,5,7,7,7,7,6,N/A,N/A,N/A,N/A,N/A,N/A,5,Sí,,7,,No,,,Sí,No,Básicamente porque nosotros hacemos nuestros proyectos.,,Sí,No,,Mi cargo no requiere interactuar con esta herramienta,"Calidad, disponibilidad y cobertura.",6,7,"Deberían considerar que cuando se cobran equipos irreparables y se paga por ellos, realizar la devolución de esos equipos, algo que no ocurre. No corresponde que se queden con el equipos pagado, aunque este inutilizable, el acero aunque este como Scrap.",Sí
M3-0054,Medición 3,COMPLETED,,7,Confiabilidad y seguridad,,,,,,,,,,,,,,,,,,,,,,,"Marca Reconocida en el Mercado,Calidad del Producto,Seguridad de los Andamios",7,,7,,Sí,2026-01,,III Región de Atacama,,,,,,,,,,,,,,,,Jefe de Terreno,Montaje industrial,Hace menos de 6 meses,N/A,N/A,N/A,N/A,7,N/A,N/A,7,7,7,7,7,7,7,7,7,7,N/A,N/A,7,7,No,,,,No,,,No,,,,No,,,,"Seguridad, calidad y acompañamiento",7,7,,Sí
M3-0090,Medición 3,PARTIAL,,7,experiencia,,,,,,,,,,,,,,,,,,,,,,,,,,,,,2026-01,,IX Región de La Araucanía,,,,,,,,,,,,,,,,Jefe de Terreno,"Montaje industrial,Constructoras e inmobiliarias edificación",Hace 6 meses o más,,,,,,,,,,,,,,,,,,,,,,,,,,,,,,,,,,,,,,,,,
M3-0002,Medición 3,COMPLETED,,7,"precio, calidad y servicio",,,,,,,,,,,,,,,,,,Sí,,,,,"Marca Reconocida en el Mercado,Cobertura y Stock Disponible,Servicio de Ingeniería",6,,6,,No,2026-01,,IV Región de Coquimbo,,,,,,,,,,,,,,,,Jefe de Bodega,Contratista industrial y minería,Hace 6 meses o más,6,6,4,6,6,6,6,7,6,6,6,7,6,6,6,6,6,6,6,6,6,Sí,,5,,No,,,No,,,,No,,,,Calidad Precio Respuesta,6,6,,No
M3-0048,Medición 3,COMPLETED,,6,La Constructora siempre ha trabajado con ScaffCo,,,,,,,,,,,,,,,,,,,,,,,"Certificación de Calidad,Seguridad de los Andamios,Cobertura y Stock Disponible",6,,6,,Sí,2026-01,,RM Región Metropolitana de Santiago,,,,,,,,,,,,,,,,Prevencionista de Riesgos,Constructoras e inmobiliarias edificación,Hace menos de 6 meses,6,6,6,6,6,6,6,6,6,N/A,5,6,N/A,6,6,6,6,5,6,6,6,No,,,,No,,,No,,,,No,,,,Marca Lider,6,6,,Sí
M3-0076,Medición 3,PARTIAL,,7,"DISPONIBILIDAD DE MATERIALES, VERSATILIDAD CONFIGURACION",,,,,,,,,,,,,,,,,,Sí,,,Sí,,"Calidad del Producto,Seguridad de los Andamios,Cobertura y Stock Disponible",7,,7,,,2026-01,,II Región de Antofagasta,,,,,,,,,,,,,,,,Jefe de Terreno,Montaje industrial,Hace menos de 6 meses,7,7,7,7,7,7,7,7,7,7,7,7,7,7,7,7,7,7,7,7,7,Sí,,7,NO,Sí,7,,No,,,,No,,,,"SEGURIDAD, DURABILIDAD, VERSATILIDAD",7,7,,
M3-0092,Medición 3,COMPLETED,,7,"Versatilidad , peso y calidad",,,,,,,,,,,,,,,,,,Sí,,,Sí,,"Calidad del Producto,Seguridad de los Andamios,Capacidad Técnica para Desafíos Complejos",7,,N/A,,Sí,2026-01,,II Región de Antofagasta,,,,,,,,,,,,,,,,Supervisor de Andamios,Montaje industrial,Hace menos de 6 meses,7,5,6,7,7,7,7,6,6,7,4,6,6,6,7,6,6,6,6,7,7,Sí,,7,Nada,Sí,7,,No,,,,No,,,,Calidad prestigio diversidad,6,7,Visita técnica de calidad,Sí
M3-0060,Medición 3,COMPLETED,,7,Confiables,,,,,,,,,,,,,,,,,,,,,,,"Calidad del Producto,Seguridad de los Andamios,Cobertura y Stock Disponible",N/A,,6,,Sí,2026-01,,II Región de Antofagasta,,,,,,,,,,,,,,,,Otros (especifique) - Ingeniero de Estudio de Propuestas,"Montaje industrial,Contratista industrial y minería,Planta minera,Planta energética,Planta GNL",Hace menos de 6 meses,7,7,7,7,7,7,7,7,7,7,7,7,7,7,7,7,7,7,7,7,7,No,,,,No,,,No,,,,No,,,,"Confiables, seguros y calidad",7,7,Excelente producto,Sí
M3-0018,Medición 3,COMPLETED,,7,"Seguridad del sistema, buen servicio.",,,,,,,,,,,,,,,,,,Sí,,,,,"Calidad del Producto,Seguridad de los Andamios,Cobertura y Stock Disponible",7,,7,,Sí,2026-01,,RM Región Metropolitana de Santiago,,,,,,,,,,,,,,,,Gerente de Proyecto,Constructoras e inmobiliarias edificación,Hace menos de 6 meses,7,7,6,6,6,7,7,7,7,7,7,6,7,7,6,6,7,7,7,7,7,Sí,,6,.,No,,,Sí,No,No se ha coordinado la implementación,,No,,,,Seguridad calidad prestigio,7,7,,No
M3-0075,Medición 3,COMPLETED,,6,llevo 15 con novatec y siempre trabajamos con ScaffCo y no hemos tenido problemas,,,,,,,,,,,,,,,,,,,,,,,"Marca Reconocida en el Mercado,Calidad del Producto,Seguridad de los Andamios",6,,N/A,,Sí,2026-01,,II Región de Antofagasta,,,,,,,,,,,,,,,,Jefe de Bodega,Constructoras e inmobiliarias edificación,Hace menos de 6 meses,7,6,6,6,6,6,6,6,6,6,6,6,6,5,N/A,N/A,N/A,N/A,N/A,N/A,4,No,,,,No,,,No,,,,No,,,,"calidad , seguridad y confianza",6,6,todo bien,Sí
M3-0041,Medición 3,PARTIAL,,,,,,,,,,,,,,,,,,,,,,,,,,,,,,,,2026-01,,II Región de Antofagasta,,,,,,,,,,,,,,,,Oficina Técnica,Constructoras e inmobiliarias edificación,Hace menos de 6 meses,,,,,,,,,,,,,,,,,,,,,,,,,,,,,,,,,,,,,,,,,
M3-0107,Medición 3,COMPLETED,,7,"Cuenta con un soporte destacable, un servicio de calidad , oportuno y a la medida de cada industria.",,,,,,,,,,,,,,,,,,No,,,,,"Seguridad de los Andamios,Cobertura y Stock Disponible,Servicio técnico (Visitas e Inducciones)",7,,7,,Sí,2026-01,,VIII Región del Biobío,,,,,,,,,,,,,,,,Administrador de Obra,"Montaje industrial,Contratista industrial y minería,Montador de andamios,Planta energética",Hace menos de 6 meses,7,7,7,7,7,7,7,7,7,7,7,7,7,7,7,7,7,7,7,7,7,Sí,No tengo credenciales de acceso,,,No,,,No,,,,No,,,,"calidad , disponibilidad , tecnologia y soluciones",7,7,"En general es un servisio excelente , para muchos ambitos industriales , es necesario mas acceso a la tecnologia, pero en cuanto al producto , las soluciones son facinantes.",Sí
M3-0123,Medición 3,COMPLETED,,7,Disposición a ayudar,,,,,,,,,,,,,,,,,,,,,,,"Seguridad de los Andamios,Capacidad Técnica para Desafíos Complejos,Servicio técnico (Visitas e Inducciones)",6,,7,,Sí,2026-01,,VIII Región del Biobío,,,,,,,,,,,,,,,,Administrador de Obra,Constructoras e inmobiliarias edificación,Hace menos de 6 meses,7,7,6,7,6,7,7,N/A,6,7,N/A,5,6,6,6,7,7,7,7,6,6,No,,,,No,,,No,,,,No,,,,Bueno. solución. Destacado.,7,7,,Sí
M3-0037,Medición 3,COMPLETED,,6,puntuales a la hora de entregas,,,,,,,,,,,,,,,,,,Sí,,,,,"Certificación de Calidad,Capacidad Técnica para Desafíos Complejos,Servicio de Ingeniería",6,,6,,Sí,2026-01,,V Región de Valparaíso,,,,,,,,,,,,,,,,Oficina Técnica,Montaje industrial,Hace menos de 6 meses,7,7,7,7,7,7,7,6,6,6,6,6,6,6,6,6,6,6,6,6,6,Sí,,6,,No,,,No,,,,No,,,,"compromiso, soporte, solución",6,6,,Sí
M3-0083,Medición 3,COMPLETED,,3,Las soluciones para temas especificos no son resueltas completamente.,,,,,,,,,,,,,,,,,,,,,,,"Marca Reconocida en el Mercado,Fabricación Alemana,Seguridad de los Andamios",2,,2,,Sí,2026-01,,XV Región de Arica y Parinacota,,,,,,,,,,,,,,,,Administrador de Obra,Constructoras e inmobiliarias edificación,Hace 6 meses o más,4,4,2,2,3,2,3,5,2,3,2,2,1,2,4,4,3,3,3,4,3,No,,,,No,,,No,,,,No,,,,FALTA DE INFORMACION,3,3,RESPUESTAS A SOLICITUDES TARDAN MUCHO EN LLEGAR,Sí
M3-0077,Medición 3,COMPLETED,,7,"Buena disposición a la hora de solicitar visitas a terreno, andamios de buena calidad, buena programación ante despachos y devoluciones",,,,,,,,,,,,,,,,,,,,,No,,"Calidad del Producto,Seguridad de los Andamios,Servicio técnico (Visitas e Inducciones)",7,,7,,Sí,2026-01,,VIII Región del Biobío,,,,,,,,,,,,,,,,Oficina Técnica,Constructoras e inmobiliarias edificación,Hace menos de 6 meses,7,7,7,7,6,7,7,7,7,7,7,7,7,7,7,7,7,7,7,7,7,No,,,,Sí,,"No tengo credenciales de acceso,No he recibido la inducción necesaria para usarla",No,,,,No,,,,"Compromiso, Calidad, Seguridad",7,7,Sin aspectos.,Sí
M3-0114,Medición 3,PARTIAL,,3,la devolucion es muy lenta,,,,,,,,,,,,,,,,,,Sí,,,,,"Marca Reconocida en el Mercado,Seguridad de los Andamios,Cobertura y Stock Disponible",2,,5,,,2026-01,,V Región de Valparaíso,,,,,,,,,,,,,,,,Jefe de Bodega,Constructoras e inmobiliarias edificación,Hace 6 meses o más,6,6,5,6,6,6,6,6,5,5,6,2,6,4,6,6,6,6,6,6,6,Sí,,3,,No,,,No,,,,No,,,,andamios de calidad,5,5,,
M3-0125,Medición 3,COMPLETED,,7,"buena atencion y revision en terreno de forma presencial, con otras empresas no lo habia recibido",,,,,,,,,,,,,,,,,,,,,,,"Calidad del Producto,Certificación de Calidad,Servicio técnico (Visitas e Inducciones)",6,,6,,Sí,2026-01,,VIII Región del Biobío,,,,,,,,,,,,,,,,Prevencionista de Riesgos,Constructoras e inmobiliarias edificación,Hace menos de 6 meses,6,6,6,6,6,6,6,6,6,6,6,7,6,6,7,7,7,7,7,7,7,No,,,,No,,,No,,,,No,,,,andamios calidad asesoria,6,6,tener mas anclajes cortos de 30 ya que fue el unico problema que tuvimos en obra,Sí
M3-0108,Medición 3,COMPLETED,,7,Cumplimiento y apoyo durante el proyecto,,,,,,,,,,,,,,,,,,No,,,,,"Calidad del Producto,Capacidad Técnica para Desafíos Complejos,Servicio de Ingeniería",7,,6,,Sí,2026-01,,VIII Región del Biobío,,,,,,,,,,,,,,,,Gerente de Proyecto,Montaje industrial,Hace menos de 6 meses,7,7,7,7,7,7,7,7,7,7,7,7,7,7,7,7,7,7,7,7,7,Sí,No he recibido la inducción necesaria para usarla,,,No,,,No,,,,No,,,,"cumplimiento, confianza, apoyo",7,7,,Sí
M3-0059,Medición 3,COMPLETED,,5,"Porque en ocasiones nos llegó a obra material oxidado proveniente de otras empresas, creo que falta el sello de calidad en las entregas",,,,,,,,,,,,,,,,,,Sí,,,,,"Seguridad de los Andamios,Capacidad Técnica para Desafíos Complejos,Servicio técnico (Visitas e Inducciones)",7,,5,,Sí,2026-01,,RM Región Metropolitana de Santiago,,,,,,,,,,,,,,,,Administrador de Obra,Planta minera,Hace 6 meses o más,7,7,6,7,7,N/A,7,5,5,7,6,6,1,6,6,6,7,6,6,7,6,Sí,,7,,No,,,No,,,,No,,,,Posición en el mercado Flexible Asesor técnico,7,7,,Sí
M3-0052,Medición 3,PARTIAL,,6,Buen Servicio,,,,,,,,,,,,,,,,,,,,,,,,,,,,,2026-01,,IV Región de Coquimbo,,,,,,,,,,,,,,,,Administrador de Obra,Constructoras e inmobiliarias edificación,Hace 6 meses o más,6,6,6,6,6,6,6,6,6,6,6,6,6,6,,,,,,,,,,,,,,,,,,,,,,,,,,,
M3-0129,Medición 3,COMPLETED,,7,Atención Técnica.,,,,,,,,,,,,,,,,,,Sí,,,Sí,,"Marca Reconocida en el Mercado,Seguridad de los Andamios,Cobertura y Stock Disponible",7,,7,,Sí,2026-01,,II Región de Antofagasta,,,,,,,,,,,,,,,,Otros (especifique) - Capacitador,Planta minera,Hace menos de 6 meses,7,7,7,7,7,7,7,7,7,7,7,7,7,7,7,7,7,7,7,7,7,Sí,,7,,Sí,7,,Sí,Sí,,7,Sí,Sí,7,,lo mejor,7,7,,Sí
M3-0117,Medición 3,COMPLETED,,4,"si bien el equipo es bueno con respecto a sus competencias, la demora en entrega de soluciones y equipos a obra es muy lento",,,,,,,,,,,,,,,,,,,,,,,"Calidad del Producto,Seguridad de los Andamios,Servicio técnico (Visitas e Inducciones)",5,,6,,Sí,2026-01,,VIII Región del Biobío,,,,,,,,,,,,,,,,Jefe de Terreno,Constructoras e inmobiliarias edificación,Hace menos de 6 meses,7,4,3,N/A,5,N/A,3,5,4,3,3,4,5,4,5,5,6,6,6,7,6,No,,,,No,,,No,,,,No,,,,"calidad, liviano, trabajabilidad",4,6,"solo pedir rapidez en las soluciones de proyecto y en los despachos a obra, poco stock en la zona, debe ser por sobreventa",Sí
M3-0119,Medición 3,COMPLETED,,7,"por  el profesionalismo del servicio, su asesoria tecnica y soluciones en obra",,,,,,,,,,,,,,,,,,Sí,,,,,"Calidad del Producto,Seguridad de los Andamios,Servicio de Ingeniería",6,,5,,Sí,2026-01,,III Región de Atacama,,,,,,,,,,,,,,,,Administrador de Obra,Montaje industrial,Hace menos de 6 meses,7,7,6,7,6,7,7,7,5,7,7,7,7,7,7,7,7,7,7,7,7,Sí,,6,,No,,,No,,,,No,,,,versatilidad calidad seguridad,6,7,,Sí
M3-0005,Medición 3,COMPLETED,,7,servicio rapido y eficaz,,,,,,,,,,,,,,,,,,No,,,No,,"Cobertura y Stock Disponible,Capacidad Técnica para Desafíos Complejos,Servicio de Ingeniería",7,,7,,No,2026-01,,VI Región del Libertador General Bernardo O’Higgins,,,,,,,,,,,,,,,,Jefe de Terreno,Contratista industrial y minería,Hace menos de 6 meses,7,7,7,7,7,N/A,7,7,7,7,7,7,7,7,7,7,7,7,7,7,7,Sí,Mi cargo no requiere interactuar con esta herramienta,,,Sí,,Mi cargo no requiere interactuar con esta herramienta,No,,,,No,,,,"confiabilidad, fiabilidad y calidad",7,7,,No
M3-0047,Medición 3,PARTIAL,,7,Muy buena experiencia. Muy útil al momento de resolver. Un problema en altura,,,,,,,,,,,,,,,,,,Sí,,,No,,,,,,,,2026-01,,VI Región del Libertador General Bernardo O’Higgins,,,,,,,,,,,,,,,,Supervisor de Andamios,Planta minera,Hace menos de 6 meses,7,7,7,7,7,7,7,7,7,7,7,7,7,7,7,7,7,7,7,7,7,Sí,,7,Más información,Sí,,No tengo credenciales de acceso,,,,,,,,,,,,,
M3-0043,Medición 3,COMPLETED,,7,"PREOCUPADOS POR LA COMUNICACIÓN Y LAS INSTANCIAS PARA ESTAR EN TERRENO, BUENA DISPONIBILIDAD DEL EQUIPO, UTILIZAN LENGUAJE COMPRENSIBLE EN CHARLAS DE CAPACITACIÓN.",,,,,,,,,,,,,,,,,,,,,No,,"Certificación de Calidad,Seguridad de los Andamios,Servicio técnico (Visitas e Inducciones)",7,,5,,Sí,2026-01,,RM Región Metropolitana de Santiago,,,,,,,,,,,,,,,,Prevencionista de Riesgos,"Constructoras e inmobiliarias edificación,Restauración",Hace menos de 6 meses,7,7,6,7,7,7,7,7,7,7,6,7,7,7,7,7,7,7,7,7,7,No,,,,Sí,,Otros (especifique) - ME LO EXPLICÓ UN SUPERVISOR DE ScaffCo PERO NO TE EH TENIDO EL PLACER AÚN,No,,,,No,,,,ATENTOS CAPACITADOS COMUNICACIÓN,7,7,,Sí
M3-0032,Medición 3,COMPLETED,,7,"Confiabilidad técnica, asesoría, calidad, seguridad.",,,,,,,,,,,,,,,,,,,,,No,,"Calidad del Producto,Seguridad de los Andamios,Capacidad Técnica para Desafíos Complejos",7,,N/A,,Sí,2026-01,,RM Región Metropolitana de Santiago,,,,,,,,,,,,,,,,Prevencionista de Riesgos,Constructoras e inmobiliarias edificación,Hace menos de 6 meses,N/A,N/A,N/A,N/A,N/A,N/A,N/A,7,7,7,7,7,7,7,7,7,7,7,7,7,7,No,,,,Sí,,No he recibido la inducción necesaria para usarla,No,,,,No,,,,"Calidad, seguridad, confiabilidad",7,7,,Sí
M3-0025,Medición 3,COMPLETED,,7,calidad de sus insumos.,,,,,,,,,,,,,,,,,,No,,,,,"Calidad del Producto,Certificación de Calidad,Servicio técnico (Visitas e Inducciones)",7,,5,,Sí,2026-01,,I Región de Tarapacá,,,,,,,,,,,,,,,,Otros (especifique) - jefe de compras,Constructoras e inmobiliarias edificación,Hace menos de 6 meses,7,7,7,7,7,7,7,7,7,7,7,7,7,7,7,7,7,7,7,7,7,Sí,No tengo credenciales de acceso,,,No,,,No,,,,No,,,,certificacion calidad servicio,7,7,sin comentarios.,Sí
M3-0064,Medición 3,COMPLETED,,7,Excelente servicio y coordinacion con el Vendedor.,,,,,,,,,,,,,,,,,,,,,Sí,,"Calidad del Producto,Certificación de Calidad,Seguridad de los Andamios",7,,7,,Sí,2026-01,,RM Región Metropolitana de Santiago,,,,,,,,,,,,,,,,Jefe de otras áreas no listadas,Contratista / instalador,Hace menos de 6 meses,7,7,6,7,7,7,7,7,7,7,7,N/A,N/A,7,N/A,N/A,N/A,7,7,7,7,No,,,,Sí,7,,No,,,,No,,,,"Excelencia, confiabilidad, Transparencia",7,7,Sin comentarios,Sí
M3-0106,Medición 3,COMPLETED,,6,RAPIDA ATENCION,,,,,,,,,,,,,,,,,,No,,,,,"Calidad del Producto,Capacidad Técnica para Desafíos Complejos,Servicio de Ingeniería",6,,5,,Sí,2026-01,,III Región de Atacama,,,,,,,,,,,,,,,,Gerente de Proyecto,"Montaje industrial,Contratista industrial y minería,Planta energética",Hace 6 meses o más,6,6,6,5,6,5,6,6,6,6,5,5,6,6,7,7,6,6,6,6,6,Sí,Mi cargo no requiere interactuar con esta herramienta,,,No,,,Sí,No,NO SE HA NECESITADO,,Sí,No,,Mi cargo no requiere interactuar con esta herramienta,BUEN SERVICIO INGENIERIA,6,6,NO,Sí
M3-0012,Medición 3,COMPLETED,,7,"Producto de calidad, seguro y certificado",,,,,,,,,,,,,,,,,,,,,,,"Certificación de Calidad,Seguridad de los Andamios,Cobertura y Stock Disponible",6,,6,,Sí,2026-01,,RM Región Metropolitana de Santiago,,,,,,,,,,,,,,,,Gerente de Proyecto,"Constructoras e inmobiliarias edificación,Eventos y espectáculos,Restauración",Hace menos de 6 meses,7,7,7,6,6,7,7,7,5,7,7,N/A,N/A,6,N/A,N/A,7,N/A,N/A,7,7,No,,,,No,,,No,,,,No,,,,Calidad Seguridad Productividad,7,7,Analizar competencia que se está presentado con alternativas más económicas,No
M3-0120,Medición 3,COMPLETED,,6,En general los equipos son de buena calidad y además son entregados con puntualidad.,,,,,,,,,,,,,,,,,,,,,,,"Calidad del Producto,Seguridad de los Andamios,Capacidad Técnica para Desafíos Complejos",6,,6,,Sí,2026-01,,II Región de Antofagasta,,,,,,,,,,,,,,,,Otros (especifique) - Ventas,Planta minera,Hace menos de 6 meses,6,6,6,6,6,N/A,6,6,6,6,6,N/A,6,6,6,6,N/A,N/A,N/A,N/A,5,No,,,,No,,,No,,,,No,,,,Calidad Seguridad Servicio,6,6,"Muy bien, a seguir mejor aun.",Sí
M3-0079,Medición 3,PARTIAL,,7,Buena versatilidad en cuanto a sus componentes y la buena asesoría a sus clientes,,,,,,,,,,,,,,,,,,,,,Sí,,"Seguridad de los Andamios,Capacidad Técnica para Desafíos Complejos,Servicio técnico (Visitas e Inducciones)",7,,7,,,2026-01,,VI Región del Libertador General Bernardo O’Higgins,,,,,,,,,,,,,,,,Supervisor de Andamios,Montaje industrial,Hace menos de 6 meses,7,7,7,7,7,7,7,7,7,7,7,7,7,7,7,7,7,7,7,7,7,No,,,,Sí,7,,No,,,,No,,,,Calidad factibilidad,7,7,,
M3-0072,Medición 3,COMPLETED,,6,Buenos equipos (fierros) y buen trabajo de planos para aterrizarlos a obra,,,,,,,,,,,,,,,,,,,,,No,,"Calidad del Producto,Seguridad de los Andamios,Servicio técnico (Visitas e Inducciones)",6,,5,,Sí,2026-01,,VI Región del Libertador General Bernardo O’Higgins,,,,,,,,,,,,,,,,Jefe de Terreno,Montaje industrial,Hace 6 meses o más,6,6,6,6,6,6,6,7,5,6,5,6,6,6,6,6,6,7,7,7,6,No,,,,Sí,,No he recibido la inducción necesaria para usarla,No,,,,No,,,,"Seguridad, estabilidad, claridad",6,6,,Sí
M3-0033,Medición 3,COMPLETED,,7,,,,,,,,,,,,,,,,,,,Sí,,,Sí,,"Cobertura y Stock Disponible,Capacidad Técnica para Desafíos Complejos,Servicio técnico (Visitas e Inducciones)",3,,6,,Sí,2026-01,,II Región de Antofagasta,,,,,,,,,,,,,,,,Oficina Técnica,Montaje industrial,Hace menos de 6 meses,7,7,6,6,7,6,6,7,7,7,7,7,7,7,7,7,7,7,7,7,7,Sí,,7,,Sí,5,,No,,,,No,,,,"Seguridad,confianza,compromiso",7,7,,Sí
M3-0124,Medición 3,COMPLETED,,6,buena atencion,,,,,,,,,,,,,,,,,,Sí,,,No,,"Seguridad de los Andamios,Cobertura y Stock Disponible,Servicio técnico (Visitas e Inducciones)",4,,7,,Sí,2026-01,,VI Región del Libertador General Bernardo O’Higgins,,,,,,,,,,,,,,,,Administración / Finanzas,Contratista industrial y minería,Hace menos de 6 meses,7,7,7,7,7,7,7,7,5,6,6,7,7,6,3,6,7,6,6,7,6,Sí,,3,demasiado complicada no es amable al enfrentar la plataforma,Sí,,Mi cargo no requiere interactuar con esta herramienta,No,,,,No,,,,plataformas andamios ingieneria,7,7,mejorar plataforma digital para que la interacción sea mas fácil para los que no somos especialistas en andamios,Sí
M3-0100,Medición 3,COMPLETED,,6,Calidad se servicio,,,,,,,,,,,,,,,,,,,,,Sí,,"Certificación de Calidad,Seguridad de los Andamios,Servicio técnico (Visitas e Inducciones)",6,,6,,Sí,2026-01,,III Región de Atacama,,,,,,,,,,,,,,,,Prevencionista de Riesgos,Constructoras e inmobiliarias edificación,Hace menos de 6 meses,7,N/A,N/A,N/A,N/A,N/A,N/A,7,7,7,N/A,N/A,N/A,6,7,7,6,4,6,7,5,No,,,,Sí,3,,No,,,,No,,,,Solamente una marca,6,6,"Si, sugiero mas que realizar una venta de productos o hacer notar los errores o fallos en terreno, se realice un trabajo o búsqueda de soluciones, junto con destacar en sus informes las cosas buenas y no sólo las malas encontradas en obra.",Sí
M3-0115,Medición 3,COMPLETED,,7,"Confianza de los elementos, soporte técnico, calidad y desarrollo de soluciones",,,,,,,,,,,,,,,,,,No,,,No,,"Seguridad de los Andamios,Servicio de Ingeniería,Servicio técnico (Visitas e Inducciones)",7,,7,,Sí,2026-01,,II Región de Antofagasta,,,,,,,,,,,,,,,,Otros (especifique) - Gerente de Ingeniería,Montaje industrial,Hace menos de 6 meses,7,7,7,7,7,7,7,7,7,7,7,7,7,7,7,7,7,7,7,7,7,Sí,Mi cargo no requiere interactuar con esta herramienta,,,Sí,,Mi cargo no requiere interactuar con esta herramienta,Sí,No,Debemos preocuparnos para que podamos usarlo,,No,,,,"Calidad, Seguridad, Ingeniería",7,7,,Sí
M3-0066,Medición 3,COMPLETED,,7,"Soporte postventa, apoyo permanente a las necesidades de la obra.",,,,,,,,,,,,,,,,,,No,,,No,,"Calidad del Producto,Seguridad de los Andamios,Servicio técnico (Visitas e Inducciones)",7,,7,,Sí,2026-01,,II Región de Antofagasta,,,,,,,,,,,,,,,,Gerente de Proyecto,Contratista industrial y minería,Hace menos de 6 meses,7,7,7,7,7,7,7,7,7,7,7,6,7,7,7,7,7,7,7,7,7,Sí,Mi cargo no requiere interactuar con esta herramienta,,,Sí,,No he recibido la inducción necesaria para usarla,Sí,No,Al momento no ha sido requerido por nuestro contrato,,Sí,No,,Mi cargo no requiere interactuar con esta herramienta,Respaldo de seguridad ante desafíos y exigencias oprrativas,7,7,,Sí
M3-0116,Medición 3,COMPLETED,,7,"calidad de sus equipos,  aportan con logistas y diseños para cada área que se requiere",,,,,,,,,,,,,,,,,,Sí,,,Sí,,"Seguridad de los Andamios,Cobertura y Stock Disponible,Servicio de Ingeniería",6,,5,,Sí,2026-01,,II Región de Antofagasta,,,,,,,,,,,,,,,,Jefe de Obra,Planta minera,Hace menos de 6 meses,6,6,6,6,6,6,6,7,7,7,7,6,7,6,7,6,6,4,4,4,4,Sí,,6,no tengo comentarios.,Sí,6,,No,,,,No,,,,calidad y seguridad en sus equipos.,6,6,"Mi experiencia, los que visitan  terreno de ScaffCo, cuando estén obra deben dar sus sugerencia a los clientes y no dar a conocer las falencias al mandante.",Sí
M3-0128,Medición 3,COMPLETED,,7,es una empresa seria con respaldo técnico y ingeniería aplicada en sus procesos,,,,,,,,,,,,,,,,,,Sí,,,,,"Seguridad de los Andamios,Capacidad Técnica para Desafíos Complejos,Servicio técnico (Visitas e Inducciones)",6,,6,,Sí,2026-01,,V Región de Valparaíso,,,,,,,,,,,,,,,,Jefe de Obra,Montaje industrial,Hace menos de 6 meses,7,7,4,5,4,6,6,7,7,7,7,7,7,7,7,7,7,7,7,7,7,Sí,,7,todo esta bien,No,,,No,,,,No,,,,seguridad calidad buen servicio,6,7,"enviar productos a las obras en canastillos y no en pallet, ya que dificulta el isaje de  estos productos",Sí
M3-0022,Medición 3,COMPLETED,,7,Muy buen equipo siempre dispuesto a colaborar con nosotros y resolver nuestras dudas.,,,,,,,,,,,,,,,,,,,,,No,,"Marca Reconocida en el Mercado,Calidad del Producto,Certificación de Calidad",7,,7,,Sí,2026-01,,RM Región Metropolitana de Santiago,,,,,,,,,,,,,,,,Gerente de Proyecto,Eventos y espectáculos,Hace menos de 6 meses,7,7,7,7,7,7,7,7,7,7,7,7,7,7,7,7,7,7,7,7,7,No,,,,Sí,,No he recibido la inducción necesaria para usarla,No,,,,No,,,,Confianza Calidad Experiencia,7,7,,Sí
M3-0044,Medición 3,PARTIAL,,6,,,,,,,,,,,,,,,,,,,,,,,,,,,,,,2026-01,,IV Región de Coquimbo,,,,,,,,,,,,,,,,Jefe de otras áreas no listadas,Montaje industrial,Hace menos de 6 meses,N/A,N/A,N/A,N/A,7,N/A,N/A,,,,,,,,,,,,,,,,,,,,,,,,,,,,,,,,,,
M3-0078,Medición 3,COMPLETED,,7,"Eficiente, rapida respuesta, incluye capacitaciones e innovacion",,,,,,,,,,,,,,,,,,Sí,,,Sí,,"Cobertura y Stock Disponible,Capacidad Técnica para Desafíos Complejos,Servicio técnico (Visitas e Inducciones)",6,,5,,Sí,2026-01,,VI Región del Libertador General Bernardo O’Higgins,,,,,,,,,,,,,,,,Administrador de Obra,Contratista industrial y minería,Hace menos de 6 meses,7,7,7,7,7,7,7,4,7,7,2,7,1,4,7,7,7,7,7,7,7,Sí,,7,,Sí,7,,Sí,Sí,,7,No,,,,Prestigio Capacitacion Comercial,6,6,,Sí
M3-0091,Medición 3,COMPLETED,,7,Rápida respuesta.,,,,,,,,,,,,,,,,,,,,,,,"Certificación de Calidad,Cobertura y Stock Disponible,Servicio técnico (Visitas e Inducciones)",7,,7,,Sí,2026-01,,II Región de Antofagasta,,,,,,,,,,,,,,,,Jefe de Bodega,Contratista industrial y minería,Hace menos de 6 meses,7,7,7,7,7,7,7,7,7,7,7,7,7,7,7,7,7,7,7,7,7,No,,,,No,,,No,,,,No,,,,Alemania seguridad Calidad,7,7,,Sí
M3-0019,Medición 3,COMPLETED,,7,Excelente calidad de material y posicionamientos de armado junto a su larga lista de materiales para realizar montajes,,,,,,,,,,,,,,,,,,No,,,Sí,,"Calidad del Producto,Certificación de Calidad,Seguridad de los Andamios",7,,7,,Sí,2026-01,,III Región de Atacama,,,,,,,,,,,,,,,,Otros (especifique) - Líder andamiero,Planta minera,Hace menos de 6 meses,7,7,7,7,7,7,7,7,7,7,7,7,7,7,7,7,7,7,7,7,7,Sí,No he recibido la inducción necesaria para usarla,,,Sí,7,,Sí,No,No eh resivido capacitación de uso,,Sí,No,,No he recibido la inducción necesaria para usarla,Seguridad Calidad Excelencia,7,7,Que se puedan realizar inducciones de uso de app,Sí
M3-0035,Medición 3,COMPLETED,,5,,,,,,,,,,,,,,,,,,,Sí,,,Sí,,"Marca Reconocida en el Mercado,Calidad del Producto,Servicio de Ingeniería",5,,6,,Sí,2026-01,,IV Región de Coquimbo,,,,,,,,,,,,,,,,Oficina Técnica,"Montaje industrial,Contratista industrial y minería",Hace menos de 6 meses,5,5,5,7,5,7,5,6,6,6,6,6,6,6,6,6,6,5,6,7,6,Sí,,6,,Sí,6,,No,,,,No,,,,Calidad Soluciones Plataforma,6,6,,Sí
M3-0045,Medición 3,COMPLETED,,7,CALIDAD DEL EQUIPO Y EXCELENTE SERVICIO DEL VENDEDOR,,,,,,,,,,,,,,,,,,Sí,,,,,"Fabricación Alemana,Calidad del Producto,Seguridad de los Andamios",7,,6,,Sí,2026-01,,XII Región de Magallanes y de la Antártica Chilena,,,,,,,,,,,,,,,,Administrador de Obra,Constructoras e inmobiliarias edificación,Hace menos de 6 meses,7,7,6,7,7,7,7,7,7,7,7,7,7,7,7,7,7,7,7,7,7,Sí,,7,NADA POR AHORA,No,,,No,,,,No,,,,CALIDAD EXCELENCIA SEGURIDAD,7,7,SOLO FELICITARLOS E INCENTIVARLOS A SEGUIR SIENDO LOS MEJORES EN EL MERCADO,Sí
M3-0081,Medición 3,PARTIAL,,6,"Buenos profesionales, estructura comoda.",,,,,,,,,,,,,,,,,,,,,,,,,,,,,2026-01,,II Región de Antofagasta,,,,,,,,,,,,,,,,Jefe de Terreno,Otros (especifique) - Maeztraza reparadora de equipos mineros,Hace menos de 6 meses,,,,,,,,,,,,,,,,,,,,,,,,,,,,,,,,,,,,,,,,,
M3-0031,Medición 3,PARTIAL,,7,calidad,,,,,,,,,,,,,,,,,,,,,,,,,,,,,2026-01,,II Región de Antofagasta,,,,,,,,,,,,,,,,Jefe de otras áreas no listadas,"Contratista industrial y minería,Planta minera,Planta energética,Planta refinería",Hace menos de 6 meses,,,,,,,,,,,,,,,,,,,,,,,,,,,,,,,,,,,,,,,,,
M3-0112,Medición 3,COMPLETED,,7,"Los Andamios ScaffCo son los de mejor calidad en el mercado mundial, esto garantiza seguridad para quien los utiliza",,,,,,,,,,,,,,,,,,,,,,,"Marca Reconocida en el Mercado,Fabricación Alemana,Cobertura y Stock Disponible",5,,5,,Sí,2026-01,,IV Región de Coquimbo,,,,,,,,,,,,,,,,Gerente de Proyecto,"Contratista industrial y minería,Constructoras e inmobiliarias edificación",Hace menos de 6 meses,7,5,4,7,7,7,6,7,6,7,7,N/A,N/A,6,N/A,N/A,N/A,N/A,N/A,N/A,7,No,,,,No,,,No,,,,No,,,,Calidad Seguridad Alemania,6,7,,Sí
M3-0014,Medición 3,PARTIAL,,,,,,,,,,,,,,,,,,,,,,,,,,,,,,,,2026-01,,V Región de Valparaíso,,,,,,,,,,,,,,,,Administrador de Obra,Constructoras e inmobiliarias edificación,Hace menos de 6 meses,,,,,,,,,,,,,,,,,,,,,,,,,,,,,,,,,,,,,,,,,
M3-0067,Medición 3,PARTIAL,,,,,,,,,,,,,,,,,,,,,,,,,,,,,,,,2026-01,,XV Región de Arica y Parinacota,,,,,,,,,,,,,,,,Jefe de Bodega,Otros (especifique) - Construccion,Hace 6 meses o más,,,,,,,,,,,,,,,,,,,,,,,,,,,,,,,,,,,,,,,,,
M3-0121,Medición 3,COMPLETED,,4,"El material que se arrienda y vende es de buena calidad La atencion es buena el problema pasa por la disponibilidad de material, tiempo de respuesta, y falla en las entregas todas son parcializadas, lo que demora la preparacion total del proyecto en terreno.",,,,,,,,,,,,,,,,,,Sí,,,No,,"Marca Reconocida en el Mercado,Fabricación Alemana,Calidad del Producto",4,,5,,Sí,2026-01,,II Región de Antofagasta,,,,,,,,,,,,,,,,Oficina Técnica,"Montaje industrial,Contratista industrial y minería,Infraestructura y concesionarias,Planta minera",Hace menos de 6 meses,6,5,4,6,7,7,4,7,2,4,2,6,5,3,6,6,4,6,6,6,5,Sí,,5,la perdida de informacion entre las 12 y 15 horas momento de actualizacion de datos. demora en los informes de recepcion,Sí,,No he recibido la inducción necesaria para usarla,No,,,,No,,,,"Calidad piezas, Alemana, nivel nacional",4,6,Mejora de stock en proyectos de mediana y gran envergadura. mejora en la entrega y disponibilidad de requerimientos. atencion personal comercial adecuada,Sí
M3-0055,Medición 3,COMPLETED,,7,Por el profesionalismo y buena disposición a realización de las tareas solicitadas. muy buen apoyo tecnico,,,,,,,,,,,,,,,,,,,,,,,"Seguridad de los Andamios,Capacidad Técnica para Desafíos Complejos,Servicio técnico (Visitas e Inducciones)",6,,6,,Sí,2026-01,,VIII Región del Biobío,,,,,,,,,,,,,,,,Prevencionista de Riesgos,Constructoras e inmobiliarias edificación,Hace menos de 6 meses,N/A,N/A,N/A,N/A,N/A,N/A,N/A,2,3,2,N/A,N/A,2,2,6,7,7,7,7,7,6,No,,,,No,,,No,,,,No,,,,"calidad, seguridad y profesionalislmo",6,6,no,Sí
M3-0085,Medición 3,COMPLETED,,6,,,,,,,,,,,,,,,,,,,Sí,,,,,"Marca Reconocida en el Mercado,Calidad del Producto,Certificación de Calidad",2,,2,,Sí,2026-01,,II Región de Antofagasta,,,,,,,,,,,,,,,,Jefe de otras áreas no listadas,"Constructoras e inmobiliarias edificación,Montador de andamios",Hace menos de 6 meses,6,4,3,4,5,3,4,3,3,6,3,2,3,3,6,5,5,2,2,4,3,Sí,,3,,No,,,No,,,,No,,,,"Calidad y reconocimiento en el mercado, solo eso",2,5,,Sí
M3-0118,Medición 3,COMPLETED,,6,"Dan un buen servicio, claro y cion apoyo técnico frecuente.",,,,,,,,,,,,,,,,,,Sí,,,Sí,,"Certificación de Calidad,Seguridad de los Andamios,Servicio técnico (Visitas e Inducciones)",N/A,,6,,Sí,2026-01,,VI Región del Libertador General Bernardo O’Higgins,,,,,,,,,,,,,,,,Administrador de Obra,Contratista industrial y minería,Hace menos de 6 meses,7,7,7,7,7,7,7,7,7,7,7,7,6,6,N/A,N/A,7,7,7,7,7,Sí,,7,,Sí,7,,No,,,,No,,,,"Calidad, respaldo, seguridad",7,7,,Sí
M3-0028,Medición 3,COMPLETED,,7,Excelente asesoría y tiempos de reacción,,,,,,,,,,,,,,,,,,No,,,,,"Seguridad de los Andamios,Capacidad Técnica para Desafíos Complejos,Servicio técnico (Visitas e Inducciones)",6,,5,,Sí,2026-01,,III Región de Atacama,,,,,,,,,,,,,,,,Administrador de Obra,Montaje industrial,Hace menos de 6 meses,7,7,7,7,7,7,7,6,7,6,6,6,5,6,7,7,7,7,7,7,7,Sí,Mi cargo no requiere interactuar con esta herramienta,,,No,,,No,,,,No,,,,Seguridad - Desarrollo - Soluciones,6,7,,Sí
M3-0130,Medición 3,PARTIAL,,,,,,,,,,,,,,,,,,,,,,,,,,,,,,,,2026-01,,II Región de Antofagasta,,,,,,,,,,,,,,,,Otros (especifique) - Planificador,Montador de andamios,Hace menos de 6 meses,,,,,,,,,,,,,,,,,,,,,,,,,,,,,,,,,,,,,,,,,
M3-0001,Medición 3,COMPLETED,,6,,,,,,,,,,,,,,,,,,,No,,,,,"Marca Reconocida en el Mercado,Fabricación Alemana,Servicio técnico (Visitas e Inducciones)",7,,N/A,,Sí,2026-01,,I Región de Tarapacá,,,,,,,,,,,,,,,,Administración / Finanzas,Contratista industrial y minería,Hace menos de 6 meses,7,7,7,7,7,7,7,N/A,N/A,N/A,N/A,N/A,N/A,7,N/A,N/A,N/A,N/A,N/A,N/A,7,Sí,Mi cargo no requiere interactuar con esta herramienta,,,No,,,No,,,,No,,,,CALIDAD SEGURIDAD MARCA LIDER,7,7,,No
M3-0002,Medición 3,COMPLETED,,7,"La calidad, lo facil y seguro que son los andamios ScaffCo. La versatilidad de uso en cualquier terreno.",,,,,,,,,,,,,,,,,,,,,,,"Marca Reconocida en el Mercado,Fabricación Alemana,Certificación de Calidad",7,,6,,Sí,2026-01,,VI Región del Libertador General Bernardo O’Higgins,,,,,,,,,,,,,,,,Otros (especifique) - Arriendo andamios ScaffCo,"Montaje industrial,Contratista industrial y minería,Eventos y espectáculos,Municipalidades y servicios públicos",Hace 6 meses o más,7,7,7,7,5,7,7,7,4,7,7,N/A,N/A,7,5,5,6,N/A,N/A,N/A,5,No,,,,No,,,No,,,,No,,,,"Multifuncional, calidad y seguridad",5,7,"Los que compramos andamios ScaffCo para arrendar a empresas que los solicitan, debemos contar con mejor apoyo técnico y tener repuestos de algunas piezas o parte que se dañan y son de facil reparación. Ejemplo: escotillas de madera de las plataformas Robust con escalas. Seguros de fijacion de escotilla y escala de aluminio.. Ruedas de repuesto. etc",Sí
M3-0003,Medición 3,COMPLETED,,7,"Diseño,seguridad,atencion",,,,,,,,,,,,,,,,,,Sí,,,,,"Certificación de Calidad,Seguridad de los Andamios,Servicio técnico (Visitas e Inducciones)",6,,6,,Sí,2026-01,,RM Región Metropolitana de Santiago,,,,,,,,,,,,,,,,Supervisor de Andamios,Constructoras e inmobiliarias edificación,Hace menos de 6 meses,6,6,6,6,6,N/A,6,7,6,6,6,7,7,6,6,6,6,7,7,7,6,Sí,,6,nada,No,,,No,,,,No,,,,calidad servicio imagen,6,6,,No
M3-0004,Medición 3,COMPLETED,,7,"cumplimiento , excelente atencion",,,,,,,,,,,,,,,,,,No,,,,,"Seguridad de los Andamios,Servicio de Ingeniería,Servicio técnico (Visitas e Inducciones)",6,,6,,No,2026-01,,V Región de Valparaíso,,,,,,,,,,,,,,,,Jefe de Terreno,Constructoras e inmobiliarias edificación,Hace menos de 6 meses,6,6,6,6,6,6,6,6,6,6,6,6,6,6,6,6,6,6,6,6,6,Sí,Mi cargo no requiere interactuar con esta herramienta,,,No,,,No,,,,No,,,,confianza  ingeniería soluciones,6,6,,No
M3-0005,Medición 3,COMPLETED,,7,"desarrollan proyecto, capacitan en obra, visitas permanentes",,,,,,,,,,,,,,,,,,No,,,,,"Seguridad de los Andamios,Servicio de Ingeniería,Servicio técnico (Visitas e Inducciones)",6,,6,,Sí,2026-01,,V Región de Valparaíso,,,,,,,,,,,,,,,,Administrador de Obra,Constructoras e inmobiliarias edificación,Hace menos de 6 meses,7,7,6,7,7,7,7,6,6,6,6,6,5,6,7,7,7,7,7,7,7,Sí,Otros (especifique) - hasta el momento no lo he necesitado,,,No,,,Sí,No,no lo he necesitado,,No,,,,andamios de calidad,6,7,,No
M3-0006,Medición 3,COMPLETED,,7,"La persona encargada de la segunda región ([NOMBRE]) nos atiende muy bien, presta soporte con memorias de calculo que solicitan en los distintos contratos que tenemos en Minera Spence.",,,,,,,,,,,,,,,,,,Sí,,,,,"Capacidad Técnica para Desafíos Complejos,Servicio de Ingeniería,Servicio técnico (Visitas e Inducciones)",7,,7,,Sí,2026-01,,II Región de Antofagasta,,,,,,,,,,,,,,,,Otros (especifique) - administrador de contratos,"Montaje industrial,Contratista industrial y minería,Montador de andamios,Planta minera",Hace menos de 6 meses,7,7,7,6,7,7,7,7,7,7,7,7,7,7,7,7,7,7,7,7,7,Sí,,7,,No,,,No,,,,No,,,,"calidad, seguridad y soporte",7,7,"que las memorias de cálculo de armado de andamios, se demoren menos tiempo en entregar",Sí
M3-0007,Medición 3,COMPLETED,,7,Buen estándar de equipos y soporte técnico.,,,,,,,,,,,,,,,,,,,,,,,"Seguridad de los Andamios,Servicio de Ingeniería,Servicio técnico (Visitas e Inducciones)",6,,6,,No,2026-01,,V Región de Valparaíso,,,,,,,,,,,,,,,,Jefe de Terreno,Contratista industrial y minería,Hace menos de 6 meses,7,6,6,7,7,6,7,6,6,6,6,6,6,6,7,7,7,7,7,7,7,No,,,,No,,,No,,,,No,,,,"Servicio, calidad, versatilidad",7,7,,No
M3-0008,Medición 3,PARTIAL,,5,,,,,,,,,,,,,,,,,,,,,,,,,,,,,,2026-01,,XV Región de Arica y Parinacota,,,,,,,,,,,,,,,,Prevencionista de Riesgos,Constructoras e inmobiliarias edificación,Hace menos de 6 meses,5,5,5,5,5,5,5,,,,,,,,,,,,,,,,,,,,,,,,,,,,,,,,,,
M3-0009,Medición 3,COMPLETED,,5,,,,,,,,,,,,,,,,,,,Sí,,,,,"Marca Reconocida en el Mercado,Calidad del Producto,Seguridad de los Andamios",5,,6,,No,2026-01,,VIII Región del Biobío,,,,,,,,,,,,,,,,Jefe de Bodega,Constructoras e inmobiliarias edificación,Hace menos de 6 meses,6,5,4,4,4,5,5,6,5,5,6,5,5,5,6,6,6,6,6,6,6,Sí,,6,,No,,,No,,,,No,,,,"Andamios, calidad, prestigio",5,6,,No
M3-0010,Medición 3,COMPLETED,,7,Producto de buene calidad y asistencia tecnica destacada.,,,,,,,,,,,,,,,,,,Sí,,,Sí,,"Calidad del Producto,Cobertura y Stock Disponible,Capacidad Técnica para Desafíos Complejos",6,,6,,Sí,2026-01,,III Región de Atacama,,,,,,,,,,,,,,,,Jefe de Terreno,Montaje industrial,Hace menos de 6 meses,6,6,5,6,5,6,6,6,5,6,6,6,4,6,7,7,7,7,7,7,6,Sí,,6,Los ´plazos de entrega de los productos.,Sí,6,,No,,,,No,,,,"Calidad, respnsabilidad en la engtegba de los EPP. Buena perseccion de la Gente /  Punto de",6,6,nada,No
M3-0011,Medición 3,PARTIAL,,7,"Los materiales resistentes y livianos ofrecen una manera mas dinámica y segura para los trabajadores que se saca la chucha todos los días. Considero que por las especificaciones del producto Allround (en su mayoria), por la fama que ha generado últimamente y el favoritismo, es que 9 de cada 10 andamieros prefieren ScaffCo.",,,,,,,,,,,,,,,,,,,,,,,,,,,,,2026-01,,II Región de Antofagasta,,,,,,,,,,,,,,,,Otros (especifique) - Secretario técnico,Planta minera,Hace menos de 6 meses,6,6,6,7,5,6,7,,,,,,,,,,,,,,,,,,,,,,,,,,,,,,,,,,
M3-0012,Medición 3,COMPLETED,,5,La lenta respuesta a nuestras necesidades,,,,,,,,,,,,,,,,,,,,,,,"Marca Reconocida en el Mercado,Seguridad de los Andamios,Servicio técnico (Visitas e Inducciones)",5,,6,,No,2026-01,,VIII Región del Biobío,,,,,,,,,,,,,,,,Jefe de Obra,Constructoras e inmobiliarias edificación,Hace menos de 6 meses,6,6,5,6,5,N/A,5,5,5,5,5,5,6,5,6,6,7,7,7,7,6,No,,,,No,,,No,,,,No,,,,Andamios,5,6,La lenta respuesta a algunas consultas Mala carga del material a obra,No
M3-0013,Medición 3,COMPLETED,,7,"Seriedad ante los requerimientos. Buen tiempo de respuesta ante las solicitudes, buena respuesta ante lo dinámico que es el rubro",,,,,,,,,,,,,,,,,,,,,Sí,,"Calidad del Producto,Servicio de Ingeniería,Servicio técnico (Visitas e Inducciones)",7,,7,,No,2026-01,,II Región de Antofagasta,,,,,,,,,,,,,,,,Administrador de Obra,Montaje industrial,Hace menos de 6 meses,7,7,6,7,7,7,7,7,7,7,7,6,7,7,7,7,7,7,7,7,7,No,,,,Sí,7,,No,,,,No,,,,Calidad Seriedad Respuesta,7,7,Nada que sugerir,No
M3-0014,Medición 3,PARTIAL,,5,"Son fáciles de armar, pero los accesos se deterioran muy rapido",,,,,,,,,,,,,,,,,,,,,,,,,,,,,2026-01,,IX Región de La Araucanía,,,,,,,,,,,,,,,,Prevencionista de Riesgos,Constructoras e inmobiliarias edificación,Hace menos de 6 meses,,,,,,,,,,,,,,,,,,,,,,,,,,,,,,,,,,,,,,,,,
M3-0015,Medición 3,COMPLETED,,7,por sus productos he inovaciones constante y su disponibilidad para soluciones eficiente y expeditas,,,,,,,,,,,,,,,,,,Sí,,,Sí,,"Certificación de Calidad,Seguridad de los Andamios,Servicio técnico (Visitas e Inducciones)",5,,N/A,,No,2026-01,,II Región de Antofagasta,,,,,,,,,,,,,,,,Otros (especifique) - Asistente de Acreditación,Contratista industrial y minería,Hace menos de 6 meses,7,7,N/A,N/A,N/A,N/A,7,N/A,N/A,N/A,N/A,N/A,N/A,7,N/A,N/A,7,7,7,N/A,7,Sí,,7,,Sí,4,,No,,,,No,,,,Disponibilidad calidad Eficiencia,7,7,"Tener un capacitador disponible para cursos, en vista a que los capacitadores estan en terreno, ante las necesidades de la obra, ne necesitan gestionar cursos y como solo trabajan de lunes a viernes y ademas estan en terreno hay ocaciones que las inducciones online estan algo limitado y se entenderan que como empresar tambien tenemos otros cursos que los maestro tienen que realizar",No
M3-0016,Medición 3,COMPLETED,,6,,,,,,,,,,,,,,,,,,,,,,,,"Seguridad de los Andamios,Cobertura y Stock Disponible,Servicio técnico (Visitas e Inducciones)",6,,6,,No,2026-01,,RM Región Metropolitana de Santiago,,,,,,,,,,,,,,,,Oficina Técnica,Constructoras e inmobiliarias edificación,Hace 6 meses o más,6,6,6,6,6,6,6,6,6,6,6,6,6,6,6,6,6,6,6,6,6,No,,,,No,,,No,,,,No,,,,"Andamios, apoyo, soluciones",6,6,,No
M3-0017,Medición 3,COMPLETED,,7,"LA CALIDAD DEL MATERIAL, EL ORDEN Y EL SERVICIO DE DESPACHO Y RECEPCION",,,,,,,,,,,,,,,,,,Sí,,,,,"Marca Reconocida en el Mercado,Calidad del Producto,Cobertura y Stock Disponible",6,,7,,No,2026-01,,VIII Región del Biobío,,,,,,,,,,,,,,,,Jefe de Bodega,Constructoras e inmobiliarias edificación,Hace menos de 6 meses,7,7,7,7,7,7,7,7,7,7,7,2,7,6,N/A,N/A,N/A,N/A,N/A,N/A,7,Sí,,1,"EL CORREO DE LA AGENDA PREVIA DE LA HORA JUNTO CON SU FECHA, QUE QUEDE EL RESPALDO EN EL CORREO DE RESPUESTA AUTOMATICA",No,,,No,,,,No,,,,CALIDAD CONFIANZA RAPIDEZ EN EL SERVICIO,6,7,,No
M3-0018,Medición 3,COMPLETED,,6,,,,,,,,,,,,,,,,,,,,,,,,"Fabricación Alemana,Seguridad de los Andamios,Cobertura y Stock Disponible",7,,6,,No,2026-01,,RM Región Metropolitana de Santiago,,,,,,,,,,,,,,,,Otros (especifique) - Proyectos,Constructoras e inmobiliarias edificación,Hace menos de 6 meses,7,6,4,7,6,6,6,6,6,6,6,7,N/A,6,N/A,N/A,N/A,N/A,N/A,N/A,6,No,,,,No,,,No,,,,No,,,,Confianza Compromiso Calidad,6,6,,No
M3-0019,Medición 3,COMPLETED,,6,La asesoría y seguimiento en la prestación de servicio.,,,,,,,,,,,,,,,,,,,,,,,"Seguridad de los Andamios,Cobertura y Stock Disponible,Servicio técnico (Visitas e Inducciones)",6,,6,,Sí,2026-01,,VIII Región del Biobío,,,,,,,,,,,,,,,,Jefe de Terreno,Constructoras e inmobiliarias edificación,Hace menos de 6 meses,6,6,5,6,6,6,6,6,6,6,5,6,6,6,6,6,6,6,6,6,6,No,,,,No,,,No,,,,No,,,,stock  eficiencia innovación,6,6,,No
M3-0020,Medición 3,COMPLETED,,6,empresa seria y correcta con respecto a material en obra y pagos,,,,,,,,,,,,,,,,,,,,,,,"Calidad del Producto,Seguridad de los Andamios,Servicio de Ingeniería",7,,7,,No,2026-01,,VIII Región del Biobío,,,,,,,,,,,,,,,,Oficina Técnica,Constructoras e inmobiliarias edificación,Hace menos de 6 meses,7,7,7,7,7,7,7,7,7,7,7,7,7,7,7,7,7,7,7,7,7,No,,,,No,,,No,,,,No,,,,calidad precio transparencia en os pagos,7,7,,No
M3-0021,Medición 3,PARTIAL,,5,Muy buen sitema,,,,,,,,,,,,,,,,,,No,,,,,"Calidad del Producto,Seguridad de los Andamios,Servicio técnico (Visitas e Inducciones)",,,,,,2026-01,,XV Región de Arica y Parinacota,,,,,,,,,,,,,,,,Supervisor de Andamios,Constructoras e inmobiliarias edificación,Hace menos de 6 meses,5,5,5,5,5,5,5,2,3,3,2,5,5,5,5,5,5,5,5,5,5,Sí,No he recibido la inducción necesaria para usarla,,,No,,,No,,,,No,,,,,,,,
M3-0001,Medición 3,PARTIAL,,7,La confiabilidad y el acompañamiento técnico durante el proyecto,,,,,,,,,,,,,,,,,,,,,,,"Capacidad Técnica para Desafíos Complejos,Servicio de Ingeniería,Servicio técnico (Visitas e Inducciones)",,,,,,2026-02,,I Región de Tarapacá,,,,,,,,,,,,,,,,Administrador de Obra,Contratista industrial y minería,Hace menos de 6 meses,7,7,7,7,7,7,7,7,7,7,7,7,7,7,7,7,7,7,7,7,7,No,,,,No,,,No,,,,No,,,,,,,,
M3-0002,Medición 3,COMPLETED,,7,"Calidad.. Gestión, vista técnica en terreno.... Control de material.. Sistema ScaffCo wed",,,,,,,,,,,,,,,,,,Sí,,,Sí,,"Fabricación Alemana,Servicio de Ingeniería,Servicio técnico (Visitas e Inducciones)",7,,7,,No,2026-02,,II Región de Antofagasta,,,,,,,,,,,,,,,,Oficina Técnica,Montaje industrial,Hace menos de 6 meses,7,7,7,7,7,7,7,7,7,7,7,7,7,7,7,7,7,7,7,7,7,Sí,,7,"Poder tener los saldos, por despachar de las modulaciones",Sí,7,,Sí,Sí,,7,Sí,Sí,7,,"Calidad, compromiso, alemana",7,7,Ninguno,No
M3-0003,Medición 3,COMPLETED,,7,Porque los productos ScaffCo son más cómodos y fáciles de manejar para nuestros colaboradores,,,,,,,,,,,,,,,,,,,,,,,"Calidad del Producto,Certificación de Calidad,Cobertura y Stock Disponible",7,,7,,No,2026-02,,I Región de Tarapacá,,,,,,,,,,,,,,,,Administrador de Obra,Eventos y espectáculos,Hace menos de 6 meses,7,7,7,7,7,7,7,7,7,7,7,7,7,7,7,7,7,7,7,7,7,No,,,,No,,,No,,,,No,,,,"Calidad, comodidad, experiencia",7,7,,No
M3-0004,Medición 3,COMPLETED,,7,Las soluciones variables para construcciones no convencionales y el apoyo en terreno de profesionales de confianza en asesorias técnicas y económicas,,,,,,,,,,,,,,,,,,Sí,,,,,"Certificación de Calidad,Seguridad de los Andamios,Capacidad Técnica para Desafíos Complejos",5,,7,,No,2026-02,,II Región de Antofagasta,,,,,,,,,,,,,,,,Jefe de Terreno,"Montaje industrial,Contratista industrial y minería",Hace menos de 6 meses,7,7,7,7,7,7,7,7,7,7,7,7,7,7,7,7,7,7,7,7,7,Sí,,7,Es bastante completa y entiendo que las tecnologías nos seguirán sorprendiendo,No,,,Sí,Sí,,7,No,,,,Seguridad Soluciones a desafío,7,7,,No
M3-0005,Medición 3,COMPLETED,,7,"Un equipo con muy buena capacidad para dar solución a todos los requerimientos en terreno, con disponibilidad 100 %. Destaca por sus excelentes asesorías y capacitaciones, las cuales permiten que los trabajadores queden correctamente orientados para la ejecución de trabajos con sistema ScaffCo.",,,,,,,,,,,,,,,,,,Sí,,,Sí,,"Marca Reconocida en el Mercado,Seguridad de los Andamios,Servicio de Ingeniería",7,,N/A,,Sí,2026-02,,II Región de Antofagasta,,,,,,,,,,,,,,,,Oficina Técnica,Contratista / instalador,Hace menos de 6 meses,7,7,N/A,N/A,7,N/A,7,7,7,7,6,7,7,7,7,7,7,7,7,7,7,Sí,,5,se podría agregar un instructivo de como usar la plataforma para personal nuevo.,Sí,6,,No,,,,No,,,,"seguridad, calidad, multifuncional.",7,7,,Sí
M3-0006,Medición 3,COMPLETED,,7,,,,,,,,,,,,,,,,,,,,,,,,"Certificación de Calidad,Capacidad Técnica para Desafíos Complejos,Servicio de Ingeniería",7,,6,,No,2026-01,,RM Región Metropolitana de Santiago,,,,,,,,,,,,,,,,Oficina Técnica,Constructoras e inmobiliarias edificación,Hace menos de 6 meses,7,7,7,7,7,7,7,7,7,7,7,7,7,7,7,7,7,7,7,7,7,No,,,,No,,,No,,,,No,,,,"Confiable, innovadora, eficiente",7,7,,No
M3-0007,Medición 3,COMPLETED,,7,Buen servicio,,,,,,,,,,,,,,,,,,,,,,,"Calidad del Producto,Seguridad de los Andamios,Servicio técnico (Visitas e Inducciones)",N/A,,6,,No,2026-01,,RM Región Metropolitana de Santiago,,,,,,,,,,,,,,,,Otros (especifique) - Comprador,Otros (especifique) - N/A,Hace menos de 6 meses,7,7,5,7,6,6,7,N/A,N/A,N/A,N/A,N/A,N/A,5,N/A,N/A,N/A,7,7,7,7,No,,,,No,,,No,,,,No,,,,"Andamios, servicio, calidad",6,7,,No
M3-0008,Medición 3,COMPLETED,,7,"Buen servicio,  asistencia técnica,  control inventario en línea.  Mejora continua de procesos.",,,,,,,,,,,,,,,,,,Sí,,,,,"Calidad del Producto,Capacidad Técnica para Desafíos Complejos,Servicio técnico (Visitas e Inducciones)",7,,7,,Sí,2026-01,,RM Región Metropolitana de Santiago,,,,,,,,,,,,,,,,Administrador de Obra,Constructoras e inmobiliarias edificación,Hace menos de 6 meses,7,7,7,7,7,7,7,7,7,7,7,7,6,7,7,7,7,7,7,7,7,Sí,,7,,No,,,No,,,,No,,,,"Calidad, amabilidad, técnica.",7,7,Asistencia técnica para el cuidado de los equipos antes del armado y antes del desarme.,Sí
M3-0009,Medición 3,COMPLETED,,7,"excelente servicio de respuesta, información rápida y precisa,",,,,,,,,,,,,,,,,,,No,,,,,"Certificación de Calidad,Capacidad Técnica para Desafíos Complejos,Servicio de Ingeniería",6,,6,,No,2026-01,,RM Región Metropolitana de Santiago,,,,,,,,,,,,,,,,Jefe de Terreno,Constructoras e inmobiliarias edificación,Hace menos de 6 meses,7,7,6,6,7,6,6,6,6,7,7,6,6,7,6,6,6,6,6,6,6,Sí,"No tengo credenciales de acceso,No he recibido la inducción necesaria para usarla",,,No,,,No,,,,No,,,,Seguridad marca Ingenieria,6,6,,No
M3-0010,Medición 3,COMPLETED,,4,,,,,,,,,,,,,,,,,,,Sí,,,,,"Certificación de Calidad,Cobertura y Stock Disponible,Servicio de Ingeniería",4,,4,,No,2026-01,,RM Región Metropolitana de Santiago,,,,,,,,,,,,,,,,Jefe de Bodega,Infraestructura y concesionarias,Hace menos de 6 meses,3,5,6,6,6,6,4,7,7,7,6,4,5,5,6,6,4,6,N/A,4,3,Sí,,1,,No,,,No,,,,No,,,,Calidad de producto.,4,6,Que los ejecutivos comerciales y de agendamiento de horas sean mas amables y presten interés en la gestión para el cliente.  Deben mejorar el atención y servicio al cliente.,No
M3-0011,Medición 3,COMPLETED,,7,,,,,,,,,,,,,,,,,,,Sí,,,,,"Marca Reconocida en el Mercado,Calidad del Producto,Seguridad de los Andamios",6,,6,,No,2026-01,,VII Región del Maule,,,,,,,,,,,,,,,,Oficina Técnica,Constructoras e inmobiliarias edificación,Hace menos de 6 meses,7,7,6,6,6,6,6,6,6,6,6,6,6,6,6,6,6,6,6,6,6,Sí,,4,,No,,,No,,,,No,,,,Buen funcionamiento,6,6,Ninguno,No
M3-0012,Medición 3,PARTIAL,,7,"Calidad, plazos, comunicación etc",,,,,,,,,,,,,,,,,,,,,,,,,,,,,2026-01,,III Región de Atacama,,,,,,,,,,,,,,,,Oficina Técnica,Constructoras e inmobiliarias edificación,Hace menos de 6 meses,6,6,7,7,7,6,7,7,6,6,6,7,6,6,,,,,,,,,,,,,,,,,,,,,,,,,,,
M3-0013,Medición 3,COMPLETED,,7,EFICIENCIA,,,,,,,,,,,,,,,,,,No,,,No,,"Marca Reconocida en el Mercado,Certificación de Calidad,Cobertura y Stock Disponible",7,,7,,Sí,2026-01,,III Región de Atacama,,,,,,,,,,,,,,,,Administración / Finanzas,Distribuidor,Hace menos de 6 meses,7,7,7,7,7,7,7,7,7,7,7,7,7,7,7,7,7,7,7,7,7,Sí,Mi cargo no requiere interactuar con esta herramienta,,,Sí,,Mi cargo no requiere interactuar con esta herramienta,Sí,Sí,,7,No,,,,PRESENCIA SEGURIDAD EFICIENCIA,7,7,,No
M3-0014,Medición 3,COMPLETED,,7,La atención y disponibilidad,,,,,,,,,,,,,,,,,,No,,,,,"Certificación de Calidad,Cobertura y Stock Disponible,Servicio de Ingeniería",7,,7,,No,2026-01,,XI Región de Aysén del General Carlos Ibáñez del Campo,,,,,,,,,,,,,,,,Otros (especifique) - Adquisición,Contratista industrial y minería,Hace menos de 6 meses,7,7,7,7,7,7,7,7,7,7,7,7,7,7,7,7,7,7,7,7,7,Sí,Otros (especifique) - Solamente no la he utilizado,,,No,,,No,,,,No,,,,Marca reconocida,7,7,Solo agradecer,Sí
M3-0015,Medición 3,COMPLETED,,6,Por su capacidad técnica en sus productos comprando con el resto del mercado.,,,,,,,,,,,,,,,,,,Sí,,,,,"Cobertura y Stock Disponible,Capacidad Técnica para Desafíos Complejos,Servicio técnico (Visitas e Inducciones)",6,,5,,No,2026-01,,RM Región Metropolitana de Santiago,,,,,,,,,,,,,,,,Jefe de Terreno,Constructoras e inmobiliarias edificación,Hace menos de 6 meses,6,6,5,6,6,5,6,6,7,6,6,6,6,6,6,6,6,6,5,6,6,Sí,,5,Cuando la usé me percate que no es tan intuitiva. Cuesta tomar el hilo.,No,,,No,,,,No,,,,Confiabilidad Seguridad Disposición,6,6,,No
M3-0016,Medición 3,COMPLETED,,7,Confiabilidad y seguridad,,,,,,,,,,,,,,,,,,No,,,,,"Calidad del Producto,Seguridad de los Andamios,Capacidad Técnica para Desafíos Complejos",5,,6,,No,2026-01,,RM Región Metropolitana de Santiago,,,,,,,,,,,,,,,,Supervisor de Andamios,Constructoras e inmobiliarias edificación,Hace menos de 6 meses,7,7,N/A,N/A,7,N/A,7,7,7,7,7,7,7,7,7,7,7,7,7,7,7,Sí,Mi cargo no requiere interactuar con esta herramienta,,,No,,,No,,,,No,,,,"Seguridad, Calidad, Trayectoria",6,6,,No
M3-0017,Medición 3,COMPLETED,,7,Buen servicio y equipos,,,,,,,,,,,,,,,,,,Sí,,,,,"Marca Reconocida en el Mercado,Seguridad de los Andamios,Servicio técnico (Visitas e Inducciones)",7,,7,,No,2026-01,,RM Región Metropolitana de Santiago,,,,,,,,,,,,,,,,Jefe de Bodega,Constructoras e inmobiliarias edificación,Hace menos de 6 meses,6,7,7,7,6,7,7,6,7,7,6,7,6,7,6,7,7,7,7,7,7,Sí,,7,Nada,No,,,No,,,,No,,,,Buena Empresa y Equipos,6,7,"La tolerancia de revisión de equipos en su devolución, comparado con lo que despachan a obra sin tener los mismos medios y tiempo que ScaffCo para revisión",No
M3-0018,Medición 3,PARTIAL,,6,"Mejorar tiempo de entrega en las cotizaciones, y servicio al cliente, atencion al publico",,,,,,,,,,,,,,,,,,,,,,,,,,,,,2026-01,,III Región de Atacama,,,,,,,,,,,,,,,,Otros (especifique) - JEFE DE ADQUISICIONES,"Montaje industrial,Contratista industrial y minería,Montador de andamios,Contratista / instalador,Planta minera",Hace menos de 6 meses,3,4,2,3,7,5,5,,,,,,,,,,,,,,,,,,,,,,,,,,,,,,,,,,
M3-0019,Medición 3,COMPLETED,,7,"Calidad, y un equipo cercano al atenderte.",,,,,,,,,,,,,,,,,,,,,,,"Fabricación Alemana,Cobertura y Stock Disponible,Capacidad Técnica para Desafíos Complejos",7,,7,,No,2026-01,,III Región de Atacama,,,,,,,,,,,,,,,,Gerente de Proyecto,Contratista industrial y minería,Hace menos de 6 meses,7,7,7,7,7,7,7,7,7,7,7,N/A,N/A,7,7,7,7,7,7,7,7,No,,,,No,,,No,,,,No,,,,"Calidad, tiempo de respuesta, amabilidad",7,7,,No
M3-0020,Medición 3,COMPLETED,,7,Excelente servicio y soporte técnico .,,,,,,,,,,,,,,,,,,Sí,,,Sí,,"Marca Reconocida en el Mercado,Servicio de Ingeniería,Servicio técnico (Visitas e Inducciones)",7,,7,,No,2026-01,,RM Región Metropolitana de Santiago,,,,,,,,,,,,,,,,Otros (especifique),Planta minera,Hace menos de 6 meses,7,7,7,6,7,6,7,6,5,7,6,5,6,6,7,7,7,7,7,7,7,Sí,,7,Todo ok,Sí,7,,Sí,No,No tengo comentarios,,Sí,No,,Mi cargo no requiere interactuar con esta herramienta,Calidad del servicio,7,7,No,No
M3-0021,Medición 3,COMPLETED,,7,"Calidad de los equipos, versatilidad, soluciones y suministro.",,,,,,,,,,,,,,,,,,,,,,,"Marca Reconocida en el Mercado,Calidad del Producto,Capacidad Técnica para Desafíos Complejos",7,,N/A,,No,2026-01,,II Región de Antofagasta,,,,,,,,,,,,,,,,Otros (especifique) - Representante,"Contratista industrial y minería,Montador de andamios",Hace menos de 6 meses,7,7,6,7,7,N/A,7,7,5,N/A,N/A,N/A,N/A,6,7,7,N/A,N/A,N/A,7,7,No,,,,No,,,Sí,No,Por que no se ha dado la oportunidad.,,Sí,No,,Otros (especifique) - No implementado en GFS,"Calidad, Presencia y disponibiliad de material.",6,7,La gran diferencia que ofrece ScaffCo en terminos de compracion de Andamios entre las marcas disponibles en Chile es la linea LightWeight y se debería maketear mucho mas. todas las aplicaciones como levanatamiento o XR o control de Stock son servicios muy bueno pero copiables.,No
M3-0022,Medición 3,COMPLETED,,7,Calidad material,,,,,,,,,,,,,,,,,,Sí,,,No,,"Calidad del Producto,Capacidad Técnica para Desafíos Complejos,Servicio técnico (Visitas e Inducciones)",7,,6,,Sí,2026-01,,VIII Región del Biobío,,,,,,,,,,,,,,,,Administración / Finanzas,"Contratista industrial y minería,Montador de andamios,Planta forestal",Hace menos de 6 meses,7,7,7,7,N/A,5,7,7,7,7,7,6,7,7,N/A,N/A,N/A,7,7,7,7,Sí,,1,Siendo encargado de Administración y finanzas de la empresa sólo tengo accedo en WebScaff a un proyecto terminado hace varios años.,Sí,,Mi cargo no requiere interactuar con esta herramienta,Sí,No,Por nuestro servicio no ha sido necesario. Hemos accedido a planos del cliente.,,No,,,,"Calidad, accesibilidad, apoyo",7,7,,No
M3-0023,Medición 3,COMPLETED,,6,Respaldo técnico y calidad,,,,,,,,,,,,,,,,,,Sí,,,No,,"Marca Reconocida en el Mercado,Seguridad de los Andamios,Servicio técnico (Visitas e Inducciones)",6,,6,,Sí,2026-01,,RM Región Metropolitana de Santiago,,,,,,,,,,,,,,,,Gerente de Proyecto,"Montaje industrial,Contratista industrial y minería,Montador de andamios,Contratista / instalador,Planta energética,Planta refinería",Hace menos de 6 meses,7,7,7,7,7,7,7,6,6,6,6,6,6,6,6,6,6,6,6,7,6,Sí,,6,"Tener una app, para usar del celular",Sí,,"No tengo credenciales de acceso,No he recibido la inducción necesaria para usarla",Sí,No,No lo requerimos en estos momentos,,Sí,No,,No he recibido la inducción necesaria para usarla,Prestigio  Respaldo Calidad,7,7,Me gustaría que contaran con una app con información técnica y de inventario del material en arriendo,Sí
M3-0024,Medición 3,COMPLETED,,7,excelente atencion y servico,,,,,,,,,,,,,,,,,,Sí,,,,,"Marca Reconocida en el Mercado,Calidad del Producto,Cobertura y Stock Disponible",7,,7,,No,2026-01,,III Región de Atacama,,,,,,,,,,,,,,,,Administración / Finanzas,"Montaje industrial,Contratista industrial y minería",Hace menos de 6 meses,7,7,7,7,7,7,7,7,7,7,7,7,7,7,N/A,N/A,N/A,N/A,N/A,N/A,7,Sí,,7,,No,,,No,,,,No,,,,calidad buen servicio,7,7,,No
M3-0025,Medición 3,COMPLETED,,7,Calidad y rapidez de memorias de cálculo y diseños especiales,,,,,,,,,,,,,,,,,,No,,,,,"Fabricación Alemana,Calidad del Producto,Capacidad Técnica para Desafíos Complejos",7,,7,,No,2026-01,,VIII Región del Biobío,,,,,,,,,,,,,,,,Gerente de Proyecto,Contratista industrial y minería,Hace menos de 6 meses,7,7,7,7,7,7,7,7,7,7,7,7,7,7,7,7,7,7,7,7,7,Sí,Mi cargo no requiere interactuar con esta herramienta,,,No,,,Sí,No,"Por mi cargo, no es necesario",,No,,,,Calidad Respaldo ingenieria aplicada,7,7,"Me hubiese gustado una encuesta más detallada en la etapa de entrega del material en bodega, ya que exsten oportunidades de mejora en esa área",No
M3-0026,Medición 3,COMPLETED,,5,Esta bien,,,,,,,,,,,,,,,,,,Sí,,,No,,"Fabricación Alemana,Cobertura y Stock Disponible,Servicio de Ingeniería",7,,7,,No,2026-01,,II Región de Antofagasta,,,,,,,,,,,,,,,,Otros (especifique) - Encargado Adquisiciones,Otros (especifique) - Administración,Hace menos de 6 meses,7,7,7,7,7,7,7,7,7,7,7,7,7,7,7,7,7,7,7,7,7,Sí,,7,hola,Sí,,Mi cargo no requiere interactuar con esta herramienta,Sí,Sí,,7,Sí,Sí,7,,hola,7,7,,No
M3-0027,Medición 3,COMPLETED,,7,Tiempos de respuesta,,,,,,,,,,,,,,,,,,,,,,,"Capacidad Técnica para Desafíos Complejos,Servicio de Ingeniería,Servicio técnico (Visitas e Inducciones)",7,,6,,Sí,2026-01,,RM Región Metropolitana de Santiago,,,,,,,,,,,,,,,,Jefe de Terreno,"Constructoras e inmobiliarias edificación,Restauración",Hace menos de 6 meses,7,7,7,7,7,7,7,7,7,7,7,6,6,6,7,7,7,7,7,7,7,No,,,,No,,,No,,,,No,,,,Responsablek Seguridad  Amigable,7,7,Mejorar los tiempos en la recepción del materiál,No
M3-0028,Medición 3,COMPLETED,,7,Trabajamos con los andamios ScaffCo,,,,,,,,,,,,,,,,,,Sí,,,No,,"Marca Reconocida en el Mercado,Calidad del Producto,Seguridad de los Andamios",5,,2,,Sí,2026-01,,III Región de Atacama,,,,,,,,,,,,,,,,Administración / Finanzas,"Montaje industrial,Contratista industrial y minería,Constructoras e inmobiliarias edificación,Eventos y espectáculos,Montador de andamios,Contratista / instalador,Planta minera,Planta energética,Planta GNL",Hace menos de 6 meses,5,6,5,7,7,6,6,5,5,7,5,5,7,5,5,5,6,5,5,4,5,Sí,,7,Facilidad,Sí,,"Mi cargo no requiere interactuar con esta herramienta,No tengo credenciales de acceso,No he recibido la inducción necesaria para usarla",No,,,,No,,,,"Seguridad, Garantía y Calidad",5,6,Muy caros los productos y los arriendos no garantizan el valor de arrendar ya que entregan un producto usado y después te lo cobran como nuevo.,No
M3-0029,Medición 3,COMPLETED,,7,ATENCION,,,,,,,,,,,,,,,,,,No,,,,,"Marca Reconocida en el Mercado,Calidad del Producto,Seguridad de los Andamios",7,,7,,No,2026-01,,III Región de Atacama,,,,,,,,,,,,,,,,Administración / Finanzas,Contratista industrial y minería,Hace menos de 6 meses,7,7,7,7,7,7,7,7,7,7,7,7,7,7,7,7,7,7,7,7,7,Sí,Mi cargo no requiere interactuar con esta herramienta,,,No,,,No,,,,No,,,,RESPONSABILIDAD CALIDAD ATENCION,7,7,,No
M3-0030,Medición 3,COMPLETED,,7,CALIDAD DE MATERIAL Y SERVICIO TECNICO,,,,,,,,,,,,,,,,,,Sí,,,,,"Calidad del Producto,Capacidad Técnica para Desafíos Complejos,Servicio técnico (Visitas e Inducciones)",7,,6,,Sí,2026-01,,XIV Región de Los Ríos,,,,,,,,,,,,,,,,Gerente de Proyecto,"Montaje industrial,Planta forestal",Hace menos de 6 meses,7,7,7,7,7,7,7,7,7,7,7,7,7,7,7,7,7,7,7,7,7,Sí,,7,,No,,,Sí,Sí,,7,No,,,,CALIDAD COMPROMISO SATISFACION,7,7,,No
M3-0031,Medición 3,COMPLETED,,7,Calidad de servicio de las personas por amabilidad y profesionalismo.,,,,,,,,,,,,,,,,,,Sí,,,Sí,,"Calidad del Producto,Capacidad Técnica para Desafíos Complejos,Servicio técnico (Visitas e Inducciones)",7,,7,,Sí,2026-01,,VIII Región del Biobío,,,,,,,,,,,,,,,,Administrador de Obra,"Montaje industrial,Contratista industrial y minería,Planta energética,Planta refinería",Hace menos de 6 meses,7,7,7,7,7,7,7,7,7,7,7,7,7,7,7,7,7,7,7,7,7,Sí,,7,,Sí,7,,Sí,Sí,,7,No,,,,Calidad Seguridad Respaldo,7,7,,No
M3-0032,Medición 3,PARTIAL,,2,PORQUE NO SE DA LA OPORTUNIDAD DE RECOMENDAR,,,,,,,,,,,,,,,,,,,,,,,,,,,,,2026-01,,RM Región Metropolitana de Santiago,,,,,,,,,,,,,,,,Jefe de Bodega,Constructoras e inmobiliarias edificación,Hace menos de 6 meses,6,6,N/A,N/A,N/A,6,6,3,6,6,3,7,6,5,,,,,,,,,,,,,,,,,,,,,,,,,,,
M3-0033,Medición 3,COMPLETED,,7,Eficiencia y calidad del producto. Buen acompañamiento en ascensores sobre utilización de piezas y compra.,,,,,,,,,,,,,,,,,,,,,No,,"Marca Reconocida en el Mercado,Fabricación Alemana,Calidad del Producto",N/A,,5,,No,2026-01,,VI Región del Libertador General Bernardo O’Higgins,,,,,,,,,,,,,,,,Gerente de Proyecto,Eventos y espectáculos,Hace menos de 6 meses,7,7,7,7,7,7,7,7,7,7,7,N/A,N/A,7,7,N/A,N/A,N/A,N/A,N/A,7,No,,,,Sí,,No tengo credenciales de acceso,No,,,,No,,,,Certificación - calidad y seguridad,7,7,,No
M3-0034,Medición 3,COMPLETED,,5,Su valor,,,,,,,,,,,,,,,,,,,,,,,"Fabricación Alemana,Calidad del Producto,Certificación de Calidad",7,,5,,No,2026-01,,VI Región del Libertador General Bernardo O’Higgins,,,,,,,,,,,,,,,,Gerente de Proyecto,Eventos y espectáculos,Hace menos de 6 meses,7,7,7,7,7,7,7,7,6,7,5,N/A,6,7,7,7,7,7,7,7,7,No,,,,No,,,No,,,,No,,,,Calidad Seguridad,6,6,Tener la opcion de Creditos y mas interaccion en los montajes de espectaculos,No
M3-0035,Medición 3,COMPLETED,,7,Excelente calidad de sus materiales y buen servicio de ingeniería,,,,,,,,,,,,,,,,,,Sí,,,,,"Calidad del Producto,Certificación de Calidad,Servicio de Ingeniería",7,,6,,No,2026-01,,V Región de Valparaíso,,,,,,,,,,,,,,,,Jefe de Terreno,Constructoras e inmobiliarias edificación,Hace menos de 6 meses,7,7,7,7,7,7,7,7,7,7,7,7,7,7,7,7,7,7,7,7,7,Sí,,7,,No,,,No,,,,No,,,,"Calidad, seguridad y soluciones",7,7,,No
M3-0036,Medición 3,COMPLETED,,7,Seguridad certificación,,,,,,,,,,,,,,,,,,,,,,,"Fabricación Alemana,Calidad del Producto,Cobertura y Stock Disponible",7,,7,,Sí,2026-01,,III Región de Atacama,,,,,,,,,,,,,,,,Otros (especifique) - N/a,Eventos y espectáculos,Hace menos de 6 meses,7,7,7,7,7,7,7,7,7,7,7,N/A,N/A,7,7,7,7,7,7,7,7,No,,,,No,,,No,,,,No,,,,Seguridad calidad simplicidad,7,7,,No
M3-0037,Medición 3,COMPLETED,,7,La versatilidad y confianza en los materiales,,,,,,,,,,,,,,,,,,,,,,,"Fabricación Alemana,Cobertura y Stock Disponible,Servicio técnico (Visitas e Inducciones)",6,,7,,Sí,2026-01,,II Región de Antofagasta,,,,,,,,,,,,,,,,Administrador de Obra,Contratista industrial y minería,Hace menos de 6 meses,7,7,7,7,7,5,7,7,7,7,7,N/A,N/A,7,7,7,7,7,7,7,7,No,,,,No,,,Sí,No,Recién lo conocimos en la última visita técnica que nos mencionaron,,No,,,,Seguridad calidad,7,7,,No
M3-0038,Medición 3,PARTIAL,,7,"Calidad, y fácil armado de sus andamios.",,,,,,,,,,,,,,,,,,,,,,,,,,,,,2026-01,,XVI Región de Ñuble,,,,,,,,,,,,,,,,Jefe de Bodega,Constructoras e inmobiliarias edificación,Hace menos de 6 meses,,,,,,,,,,,,,,,,,,,,,,,,,,,,,,,,,,,,,,,,,
M3-0039,Medición 3,COMPLETED,,7,seguridad,,,,,,,,,,,,,,,,,,Sí,,,No,,"Marca Reconocida en el Mercado,Calidad del Producto,Seguridad de los Andamios",7,,7,,No,2026-01,,II Región de Antofagasta,,,,,,,,,,,,,,,,Supervisor de Andamios,Montaje industrial,Hace menos de 6 meses,7,7,7,7,7,7,7,7,7,7,7,7,7,7,7,7,7,7,7,7,7,Sí,,7,,Sí,,Mi cargo no requiere interactuar con esta herramienta,No,,,,No,,,,calidad seguridad stock,7,7,mas regalos.,No
M3-0040,Medición 3,PARTIAL,,,,,,,,,,,,,,,,,,,,,,,,,,,,,,,,2026-01,,III Región de Atacama,,,,,,,,,,,,,,,,Jefe de Bodega,Montaje industrial,Hace menos de 6 meses,,,,,,,,,,,,,,,,,,,,,,,,,,,,,,,,,,,,,,,,,
M3-0041,Medición 3,COMPLETED,,7,La atención y rapidez de respuesta por parte de parte Técnico/Comercial y la calidad de los equipos,,,,,,,,,,,,,,,,,,No,,,,,"Calidad del Producto,Seguridad de los Andamios,Servicio técnico (Visitas e Inducciones)",7,,7,,Sí,2026-01,,RM Región Metropolitana de Santiago,,,,,,,,,,,,,,,,Administrador de Obra,Constructoras e inmobiliarias edificación,Hace menos de 6 meses,7,7,7,7,7,7,7,7,7,7,7,7,7,7,7,7,7,7,7,7,7,Sí,Mi cargo no requiere interactuar con esta herramienta,,,No,,,No,,,,No,,,,"Calidad, seguridad y rapidez",7,7,Sin comentarios,No
M3-0042,Medición 3,COMPLETED,,6,Por el tiempo respuesta optimo y en la recepcion de las devolucioned,,,,,,,,,,,,,,,,,,Sí,,,,,"Calidad del Producto,Capacidad Técnica para Desafíos Complejos,Servicio técnico (Visitas e Inducciones)",7,,6,,Sí,2026-01,,III Región de Atacama,,,,,,,,,,,,,,,,Jefe de Bodega,Constructoras e inmobiliarias edificación,Hace 6 meses o más,7,7,7,7,7,7,7,7,7,6,7,7,7,6,7,7,7,7,7,7,7,Sí,,7,Nada,No,,,No,,,,No,,,,Es muy buena,7,7,No,No
M3-0043,Medición 3,COMPLETED,,7,Buena atención y disposición en cuanto equipos y dudas,,,,,,,,,,,,,,,,,,Sí,,,,,"Certificación de Calidad,Seguridad de los Andamios,Servicio técnico (Visitas e Inducciones)",7,,7,,No,2026-01,,III Región de Atacama,,,,,,,,,,,,,,,,Jefe de Bodega,Constructoras e inmobiliarias edificación,Hace menos de 6 meses,7,7,7,7,7,7,7,7,7,7,7,7,7,7,7,7,7,7,7,7,7,Sí,,7,Hasta 3l momento nada,No,,,No,,,,No,,,,"Calidad, seguridad.,amabilidad I",7,7,,No
M3-0044,Medición 3,PARTIAL,,1,,,,,,,,,,,,,,,,,,,,,,,,"Marca Reconocida en el Mercado,Fabricación Alemana,Certificación de Calidad",1,,1,,,2026-01,,I Región de Tarapacá,,,,,,,,,,,,,,,,Gerente de Proyecto,Montaje industrial,Hace menos de 6 meses,1,1,1,1,1,1,1,1,1,1,1,1,1,1,1,1,1,1,1,1,1,No,,,,No,,,No,,,,No,,,,asd,1,1,,
M3-0045,Medición 3,COMPLETED,,7,su rapida respuesta,,,,,,,,,,,,,,,,,,Sí,,,Sí,,"Certificación de Calidad,Cobertura y Stock Disponible,Capacidad Técnica para Desafíos Complejos",7,,7,,No,2026-01,,VIII Región del Biobío,,,,,,,,,,,,,,,,Jefe de Bodega,Planta refinería,Hace menos de 6 meses,7,7,7,7,7,7,7,7,7,7,7,7,7,7,7,7,7,7,7,7,7,Sí,,7,nada,Sí,7,,No,,,,No,,,,lo mejor en andamios,7,7,no,No
M3-0046,Medición 3,COMPLETED,,7,Calidad compromiso,,,,,,,,,,,,,,,,,,Sí,,,,,"Certificación de Calidad,Seguridad de los Andamios,Capacidad Técnica para Desafíos Complejos",7,,5,,Sí,2026-01,,XI Región de Aysén del General Carlos Ibáñez del Campo,,,,,,,,,,,,,,,,Jefe de Bodega,Constructoras e inmobiliarias edificación,Hace menos de 6 meses,6,6,N/A,N/A,N/A,7,6,6,7,7,6,7,7,6,N/A,N/A,N/A,N/A,N/A,N/A,6,Sí,,7,Nada,No,,,No,,,,No,,,,Seguridad calidad,6,6,No,Sí
M3-0047,Medición 3,COMPLETED,,7,Respuesta rápida,,,,,,,,,,,,,,,,,,,,,Sí,,"Calidad del Producto,Certificación de Calidad,Capacidad Técnica para Desafíos Complejos",6,,6,,No,2026-01,,RM Región Metropolitana de Santiago,,,,,,,,,,,,,,,,Otros (especifique) - Dueño,Eventos y espectáculos,Hace menos de 6 meses,7,7,6,7,7,7,7,7,6,7,7,N/A,N/A,6,7,6,7,6,7,7,7,No,,,,Sí,6,,No,,,,No,,,,Asesoría  Calidad Seguridad,7,7,"Que tengan más stock piezas especiales, barandas, techo, graderías",No
